Date,Close
2007. 04. 10,75.24
2007. 04. 11,75.04
2007. 04. 12,75.03
2007. 04. 13,74.91
2007. 04. 16,74.98
2007. 04. 17,75.17
2007. 04. 18,75.31
2007. 04. 19,75.28
2007. 04. 20,75.26
2007. 04. 23,75.36
2007. 04. 24,75.48
2007. 04. 25,75.42
2007. 04. 26,75.26
2007. 04. 27,75.24
2007. 04. 30,75.49
2007. 05. 01,75.32
2007. 05. 02,75.33
2007. 05. 03,75.28
2007. 05. 04,75.34
2007. 05. 07,75.39
2007. 05. 08,75.4
2007. 05. 09,75.31
2007. 05. 10,75.38
2007. 05. 11,75.28
2007. 05. 14,75.23
2007. 05. 15,75.2
2007. 05. 16,75.23
2007. 05. 17,75.12
2007. 05. 18,74.94
2007. 05. 21,75.04
2007. 05. 22,74.92
2007. 05. 23,74.86
2007. 05. 24,74.85
2007. 05. 25,74.86
2007. 05. 29,74.76
2007. 05. 30,74.83
2007. 05. 31,74.77
2007. 06. 01,74.34
2007. 06. 04,74.42
2007. 06. 05,74.3
2007. 06. 06,74.37
2007. 06. 07,73.85
2007. 06. 08,73.84
2007. 06. 11,73.76
2007. 06. 12,73.4
2007. 06. 13,73.57
2007. 06. 14,73.47
2007. 06. 15,73.84
2007. 06. 18,73.76
2007. 06. 19,74.11
2007. 06. 20,73.75
2007. 06. 21,73.79
2007. 06. 22,73.9
2007. 06. 25,74.1
2007. 06. 26,74.07
2007. 06. 27,74.13
2007. 06. 28,74.03
2007. 06. 29,74.28
2007. 07. 02,74.23
2007. 07. 03,74.08
2007. 07. 05,73.78
2007. 07. 06,73.63
2007. 07. 09,73.71
2007. 07. 10,74.09
2007. 07. 11,73.91
2007. 07. 12,73.81
2007. 07. 13,73.93
2007. 07. 16,74.13
2007. 07. 17,74.04
2007. 07. 18,74.16
2007. 07. 19,74.13
2007. 07. 20,74.34
2007. 07. 23,74.32
2007. 07. 24,74.35
2007. 07. 25,74.42
2007. 07. 26,74.71
2007. 07. 27,74.65
2007. 07. 30,74.58
2007. 07. 31,74.73
2007. 08. 01,74.39
2007. 08. 02,74.52
2007. 08. 03,74.77
2007. 08. 06,74.56
2007. 08. 07,74.55
2007. 08. 08,74.36
2007. 08. 09,74.53
2007. 08. 10,74.39
2007. 08. 13,74.46
2007. 08. 14,74.64
2007. 08. 15,74.65
2007. 08. 16,74.64
2007. 08. 17,74.87
2007. 08. 20,74.71
2007. 08. 21,74.97
2007. 08. 22,74.97
2007. 08. 23,74.97
2007. 08. 24,75.04
2007. 08. 27,75.31
2007. 08. 28,75.52
2007. 08. 29,75.35
2007. 08. 30,75.48
2007. 08. 31,75.53
2007. 09. 04,75.19
2007. 09. 05,75.48
2007. 09. 06,75.34
2007. 09. 07,75.81
2007. 09. 11,75.85
2007. 09. 12,75.73
2007. 09. 13,75.54
2007. 09. 14,75.55
2007. 09. 17,75.61
2007. 09. 18,75.82
2007. 09. 19,75.7
2007. 09. 20,75.16
2007. 09. 21,75.48
2007. 09. 24,75.43
2007. 09. 25,75.48
2007. 09. 26,75.5
2007. 09. 27,75.66
2007. 09. 28,75.69
2007. 10. 01,75.36
2007. 10. 02,75.63
2007. 10. 03,75.59
2007. 10. 04,75.67
2007. 10. 05,75.35
2007. 10. 08,75.57
2007. 10. 09,75.32
2007. 10. 10,75.4
2007. 10. 11,75.47
2007. 10. 12,75.35
2007. 10. 15,75.29
2007. 10. 16,75.45
2007. 10. 17,75.83
2007. 10. 18,75.93
2007. 10. 19,76.29
2007. 10. 22,76.24
2007. 10. 23,76.22
2007. 10. 24,76.52
2007. 10. 25,76.46
2007. 10. 26,76.35
2007. 10. 29,76.36
2007. 10. 30,76.38
2007. 10. 31,76.1
2007. 11. 01,76.25
2007. 11. 02,76.34
2007. 11. 05,76.12
2007. 11. 06,76
2007. 11. 07,76.11
2007. 11. 08,76.2
2007. 11. 09,76.3
2007. 11. 12,76.47
2007. 11. 13,76.24
2007. 11. 14,76.24
2007. 11. 15,76.51
2007. 11. 16,76.48
2007. 11. 19,76.7
2007. 11. 20,76.53
2007. 11. 21,77
2007. 11. 23,76.85
2007. 11. 26,76.85
2007. 11. 27,77.04
2007. 11. 28,76.96
2007. 11. 29,76.85
2007. 11. 30,77.3
2007. 12. 03,77.37
2007. 12. 04,77.33
2007. 12. 05,77.16
2007. 12. 06,76.76
2007. 12. 07,76.51
2007. 12. 10,76.37
2007. 12. 11,76.88
2007. 12. 12,76.73
2007. 12. 13,76.34
2007. 12. 14,76.17
2007. 12. 17,76.49
2007. 12. 19,76.99
2007. 12. 20,77
2007. 12. 21,76.49
2007. 12. 26,76.04
2007. 12. 27,76.34
2007. 12. 28,76.72
2007. 12. 31,77.38
2008. 01. 02,77.36
2008. 01. 03,77.46
2008. 01. 04,77.55
2008. 01. 07,77.57
2008. 01. 08,77.65
2008. 01. 09,77.56
2008. 01. 10,77.53
2008. 01. 11,77.77
2008. 01. 14,77.87
2008. 01. 15,78.15
2008. 01. 16,78
2008. 01. 17,78.32
2008. 01. 18,78.28
2008. 01. 22,78.77
2008. 01. 23,78.64
2008. 01. 24,78.13
2008. 01. 25,78.65
2008. 01. 28,78.37
2008. 01. 29,78.26
2008. 01. 30,78.29
2008. 01. 31,78.35
2008. 02. 01,78.31
2008. 02. 04,78.03
2008. 02. 05,78.24
2008. 02. 06,78.08
2008. 02. 07,77.6
2008. 02. 08,77.83
2008. 02. 11,78
2008. 02. 12,77.87
2008. 02. 13,77.45
2008. 02. 14,77.09
2008. 02. 15,77.21
2008. 02. 19,76.5
2008. 02. 20,76.56
2008. 02. 21,77.2
2008. 02. 22,77.01
2008. 02. 25,76.63
2008. 02. 26,76.92
2008. 02. 27,77.06
2008. 02. 28,77.63
2008. 02. 29,78.12
2008. 03. 03,77.64
2008. 03. 04,77.27
2008. 03. 05,76.77
2008. 03. 06,76.71
2008. 03. 07,76.92
2008. 03. 10,77.15
2008. 03. 11,76.71
2008. 03. 12,77.42
2008. 03. 13,77.08
2008. 03. 14,77.41
2008. 03. 17,77.67
2008. 03. 18,77.74
2008. 03. 19,77.8
2008. 03. 20,78.01
2008. 03. 24,77.58
2008. 03. 25,77.73
2008. 03. 26,77.8
2008. 03. 27,77.81
2008. 03. 28,77.87
2008. 03. 31,78.14
2008. 04. 01,77.03
2008. 04. 02,76.93
2008. 04. 03,76.9
2008. 04. 04,77.61
2008. 04. 07,77.31
2008. 04. 08,77.35
2008. 04. 09,77.65
2008. 04. 10,77.42
2008. 04. 11,77.87
2008. 04. 14,77.61
2008. 04. 15,77.35
2008. 04. 16,76.94
2008. 04. 17,76.87
2008. 04. 18,76.93
2008. 04. 21,77.06
2008. 04. 22,77.23
2008. 04. 23,77.16
2008. 04. 24,76.83
2008. 04. 25,76.73
2008. 04. 28,77
2008. 04. 29,76.95
2008. 04. 30,77.57
2008. 05. 01,77.28
2008. 05. 05,77.24
2008. 05. 06,76.96
2008. 05. 07,77.07
2008. 05. 09,77.4
2008. 05. 12,77.32
2008. 05. 13,76.92
2008. 05. 14,76.97
2008. 05. 15,77.38
2008. 05. 16,77.23
2008. 05. 19,77.44
2008. 05. 20,77.41
2008. 05. 21,77.39
2008. 05. 22,77.08
2008. 05. 23,77.41
2008. 05. 27,76.98
2008. 05. 28,76.58
2008. 05. 29,76.45
2008. 05. 30,76.5
2008. 06. 02,76.59
2008. 06. 03,76.89
2008. 06. 04,76.52
2008. 06. 05,76.17
2008. 06. 06,76.56
2008. 06. 09,75.93
2008. 06. 10,75.5
2008. 06. 11,75.94
2008. 06. 12,75.11
2008. 06. 13,75.18
2008. 06. 16,75.25
2008. 06. 17,75.5
2008. 06. 18,75.75
2008. 06. 19,75.56
2008. 06. 20,75.71
2008. 06. 23,75.45
2008. 06. 24,75.77
2008. 06. 25,75.8
2008. 06. 26,75.8
2008. 06. 27,76
2008. 06. 30,76.25
2008. 07. 01,75.9
2008. 07. 02,75.64
2008. 07. 07,75.74
2008. 07. 08,76.17
2008. 07. 09,76.18
2008. 07. 10,76.39
2008. 07. 11,75.91
2008. 07. 14,76.32
2008. 07. 15,76.39
2008. 07. 16,75.76
2008. 07. 17,75.41
2008. 07. 18,75.29
2008. 07. 21,75.45
2008. 07. 22,75.22
2008. 07. 23,75.25
2008. 07. 24,75.79
2008. 07. 25,75.31
2008. 07. 28,75.81
2008. 07. 29,75.69
2008. 07. 30,75.71
2008. 07. 31,75.97
2008. 08. 01,75.8
2008. 08. 04,75.66
2008. 08. 05,75.35
2008. 08. 06,75.25
2008. 08. 07,75.73
2008. 08. 08,75.7
2008. 08. 11,75.38
2008. 08. 12,75.72
2008. 08. 13,75.52
2008. 08. 14,75.71
2008. 08. 15,75.95
2008. 08. 18,76.15
2008. 08. 19,76.01
2008. 08. 20,76.18
2008. 08. 21,76.16
2008. 08. 22,76
2008. 08. 25,76.21
2008. 08. 26,76.31
2008. 08. 27,76.33
2008. 08. 28,76.4
2008. 08. 29,76.3
2008. 09. 02,76.26
2008. 09. 03,76.36
2008. 09. 04,76.4
2008. 09. 05,76.46
2008. 09. 08,77
2008. 09. 09,77.14
2008. 09. 10,77.14
2008. 09. 11,77.09
2008. 09. 12,76.84
2008. 09. 15,77.42
2008. 09. 16,76.67
2008. 09. 17,76.77
2008. 09. 18,75.68
2008. 09. 19,76.61
2008. 09. 22,76.41
2008. 09. 23,76.65
2008. 09. 24,76.64
2008. 09. 25,76.89
2008. 09. 26,76.12
2008. 09. 29,76.49
2008. 09. 30,75.62
2008. 10. 01,74.95
2008. 10. 02,76.41
2008. 10. 03,75.99
2008. 10. 06,75.38
2008. 10. 07,75.6
2008. 10. 08,74.48
2008. 10. 09,72.16
2008. 10. 10,69.96
2008. 10. 13,72.87
2008. 10. 14,73.8
2008. 10. 15,73.35
2008. 10. 16,73.34
2008. 10. 17,73.74
2008. 10. 20,73.71
2008. 10. 21,74.97
2008. 10. 22,75.31
2008. 10. 23,74.96
2008. 10. 24,74.1
2008. 10. 27,73.7
2008. 10. 28,73.13
2008. 10. 29,73.66
2008. 10. 30,73.17
2008. 10. 31,73.13
2008. 11. 03,73.4
2008. 11. 04,74.14
2008. 11. 05,74.7
2008. 11. 06,74.76
2008. 11. 07,74.6
2008. 11. 10,74.6
2008. 11. 11,74.79
2008. 11. 12,74.55
2008. 11. 13,74.55
2008. 11. 14,74.81
2008. 11. 17,74.62
2008. 11. 18,74.67
2008. 11. 19,74.93
2008. 11. 20,74.87
2008. 11. 21,74.5
2008. 11. 24,74.18
2008. 11. 25,75.46
2008. 11. 26,75.93
2008. 12. 01,75.84
2008. 12. 02,76.3
2008. 12. 03,75.94
2008. 12. 04,76.27
2008. 12. 05,75.71
2008. 12. 08,75.38
2008. 12. 09,75.78
2008. 12. 10,75.65
2008. 12. 11,76.46
2008. 12. 12,76.06
2008. 12. 15,76.86
2008. 12. 16,77.5
2008. 12. 17,77.52
2008. 12. 18,78.07
2008. 12. 19,77.57
2008. 12. 22,78.24
2008. 12. 23,78.53
2008. 12. 24,78.17
2008. 12. 26,78.23
2008. 12. 29,78.72
2008. 12. 30,78.87
2008. 12. 31,78.97
2009. 01. 02,78.68
2009. 01. 05,78.35
2009. 01. 06,77.85
2009. 01. 07,78.09
2009. 01. 08,77.96
2009. 01. 09,78.24
2009. 01. 12,77.93
2009. 01. 13,78.35
2009. 01. 14,78.64
2009. 01. 15,78.3
2009. 01. 16,78.42
2009. 01. 20,78.08
2009. 01. 21,77.54
2009. 01. 22,77.71
2009. 01. 23,77.56
2009. 01. 26,77.3
2009. 01. 27,77.77
2009. 01. 28,77.81
2009. 01. 29,77.29
2009. 01. 30,77.33
2009. 02. 02,77.3
2009. 02. 03,76.5
2009. 02. 04,76.64
2009. 02. 05,76.81
2009. 02. 06,76.8
2009. 02. 09,76.82
2009. 02. 10,77.24
2009. 02. 11,77.52
2009. 02. 12,77.32
2009. 02. 13,76.96
2009. 02. 17,77.46
2009. 02. 18,77.16
2009. 02. 19,76.83
2009. 02. 20,76.97
2009. 02. 23,77.1
2009. 02. 24,77.04
2009. 02. 25,76.65
2009. 02. 26,76.51
2009. 02. 27,76.59
2009. 03. 02,76.44
2009. 03. 03,76.18
2009. 03. 04,76.17
2009. 03. 05,76.52
2009. 03. 06,76.2
2009. 03. 09,75.92
2009. 03. 10,76
2009. 03. 11,76.16
2009. 03. 12,76.33
2009. 03. 13,76.27
2009. 03. 16,76.22
2009. 03. 17,76.05
2009. 03. 18,77.4
2009. 03. 19,77.35
2009. 03. 20,77
2009. 03. 23,76.82
2009. 03. 24,76.78
2009. 03. 25,76.52
2009. 03. 26,76.78
2009. 03. 27,76.97
2009. 03. 30,77.12
2009. 03. 31,77.15
2009. 04. 01,77.03
2009. 04. 02,76.88
2009. 04. 03,76.47
2009. 04. 06,76.55
2009. 04. 07,76.7
2009. 04. 08,77.06
2009. 04. 09,76.97
2009. 04. 13,77.09
2009. 04. 14,77.29
2009. 04. 15,77.4
2009. 04. 16,77.25
2009. 04. 17,76.84
2009. 04. 20,77.22
2009. 04. 21,77.07
2009. 04. 22,77.21
2009. 04. 23,77.27
2009. 04. 24,77.23
2009. 04. 27,77.4
2009. 04. 28,77.12
2009. 04. 29,77.01
2009. 04. 30,77.23
2009. 05. 01,76.83
2009. 05. 04,76.89
2009. 05. 05,76.88
2009. 05. 06,77.21
2009. 05. 07,76.94
2009. 05. 08,77.13
2009. 05. 11,77.45
2009. 05. 12,77.42
2009. 05. 13,77.65
2009. 05. 14,77.62
2009. 05. 15,77.6
2009. 05. 18,77.37
2009. 05. 19,77.54
2009. 05. 20,77.77
2009. 05. 21,77.37
2009. 05. 22,77.35
2009. 05. 26,77.19
2009. 05. 27,76.73
2009. 05. 28,76.93
2009. 05. 29,77.48
2009. 06. 01,76.69
2009. 06. 02,76.98
2009. 06. 03,77.24
2009. 06. 04,76.76
2009. 06. 05,76.24
2009. 06. 08,76.08
2009. 06. 09,76.29
2009. 06. 10,76.1
2009. 06. 11,76.47
2009. 06. 12,76.67
2009. 06. 15,76.82
2009. 06. 16,77.18
2009. 06. 17,77.14
2009. 06. 18,76.57
2009. 06. 19,76.75
2009. 06. 22,76.93
2009. 06. 23,77.28
2009. 06. 24,77.11
2009. 06. 25,77.64
2009. 06. 26,77.68
2009. 06. 29,77.82
2009. 06. 30,77.69
2009. 07. 01,77.38
2009. 07. 02,77.41
2009. 07. 03,77.41
2009. 07. 06,77.35
2009. 07. 07,77.51
2009. 07. 08,78.04
2009. 07. 09,77.81
2009. 07. 10,78.09
2009. 07. 13,77.96
2009. 07. 14,77.73
2009. 07. 15,77.34
2009. 07. 16,77.68
2009. 07. 17,77.48
2009. 07. 20,77.73
2009. 07. 21,78.2
2009. 07. 22,78.03
2009. 07. 23,77.77
2009. 07. 24,77.8
2009. 07. 27,77.7
2009. 07. 28,77.78
2009. 07. 29,77.75
2009. 07. 30,78.1
2009. 07. 31,78.44
2009. 08. 03,77.93
2009. 08. 04,77.86
2009. 08. 05,77.68
2009. 08. 06,77.73
2009. 08. 07,77.19
2009. 08. 10,77.82
2009. 08. 11,77.97
2009. 08. 12,77.92
2009. 08. 13,78.12
2009. 08. 14,78.36
2009. 08. 17,78.58
2009. 08. 18,78.47
2009. 08. 19,78.56
2009. 08. 20,78.67
2009. 08. 21,78.42
2009. 08. 24,78.57
2009. 08. 25,78.7
2009. 08. 26,78.75
2009. 08. 27,78.66
2009. 08. 28,78.82
2009. 08. 31,78.97
2009. 09. 01,78.8
2009. 09. 02,78.97
2009. 09. 03,78.83
2009. 09. 04,78.75
2009. 09. 08,78.71
2009. 09. 09,78.84
2009. 09. 10,79.14
2009. 09. 11,79.18
2009. 09. 14,78.88
2009. 09. 15,78.94
2009. 09. 16,78.96
2009. 09. 17,79.19
2009. 09. 18,79.1
2009. 09. 21,79.04
2009. 09. 22,78.94
2009. 09. 23,79.17
2009. 09. 24,79.21
2009. 09. 25,79.46
2009. 09. 28,79.5
2009. 09. 29,79.5
2009. 09. 30,79.5
2009. 10. 01,79.61
2009. 10. 02,79.37
2009. 10. 05,79.49
2009. 10. 06,79.58
2009. 10. 07,79.62
2009. 10. 08,79.59
2009. 10. 09,79.01
2009. 10. 12,79.28
2009. 10. 13,79.34
2009. 10. 14,79
2009. 10. 15,79.02
2009. 10. 16,79.05
2009. 10. 19,79.16
2009. 10. 20,79.32
2009. 10. 21,79.31
2009. 10. 22,79.24
2009. 10. 23,79
2009. 10. 26,78.9
2009. 10. 27,79.18
2009. 10. 28,79.1
2009. 10. 29,79.14
2009. 10. 30,79.47
2009. 11. 02,79.15
2009. 11. 03,79.01
2009. 11. 04,78.99
2009. 11. 05,79.06
2009. 11. 06,79.08
2009. 11. 09,79.24
2009. 11. 10,79.27
2009. 11. 11,79.47
2009. 11. 12,79.56
2009. 11. 13,79.51
2009. 11. 16,79.71
2009. 11. 17,79.69
2009. 11. 18,79.71
2009. 11. 19,79.77
2009. 11. 20,79.73
2009. 11. 23,79.79
2009. 11. 24,79.99
2009. 11. 25,80.15
2009. 11. 27,80.29
2009. 11. 30,80.25
2009. 12. 01,79.89
2009. 12. 02,79.78
2009. 12. 03,79.7
2009. 12. 04,79.37
2009. 12. 07,79.58
2009. 12. 08,79.71
2009. 12. 09,79.63
2009. 12. 10,79.52
2009. 12. 11,79.43
2009. 12. 14,79.36
2009. 12. 15,79.29
2009. 12. 16,79.33
2009. 12. 17,79.55
2009. 12. 18,79.53
2009. 12. 21,79.16
2009. 12. 22,78.99
2009. 12. 23,78.98
2009. 12. 24,78.66
2009. 12. 28,78.49
2009. 12. 29,78.54
2009. 12. 30,78.65
2009. 12. 31,78.59
2010. 01. 04,78.68
2010. 01. 05,78.91
2010. 01. 06,78.88
2010. 01. 07,78.82
2010. 01. 08,78.9
2010. 01. 11,78.93
2010. 01. 12,79.23
2010. 01. 13,79.05
2010. 01. 14,79.24
2010. 01. 15,79.29
2010. 01. 19,79.25
2010. 01. 20,79.44
2010. 01. 21,79.53
2010. 01. 22,79.5
2010. 01. 25,79.39
2010. 01. 26,79.58
2010. 01. 27,79.47
2010. 01. 28,79.5
2010. 01. 29,79.6
2010. 02. 01,79.3
2010. 02. 02,79.35
2010. 02. 03,79.3
2010. 02. 04,79.45
2010. 02. 05,79.58
2010. 02. 08,79.59
2010. 02. 09,79.43
2010. 02. 10,79.25
2010. 02. 11,79.12
2010. 02. 12,79.23
2010. 02. 16,79.33
2010. 02. 17,79.15
2010. 02. 18,79.04
2010. 02. 19,79.04
2010. 02. 22,79.01
2010. 02. 23,79.31
2010. 02. 24,79.41
2010. 02. 25,79.52
2010. 02. 26,79.61
2010. 03. 01,79.46
2010. 03. 02,79.52
2010. 03. 03,79.53
2010. 03. 04,79.59
2010. 03. 05,79.47
2010. 03. 08,79.34
2010. 03. 09,79.39
2010. 03. 10,79.33
2010. 03. 11,79.32
2010. 03. 12,79.35
2010. 03. 15,79.46
2010. 03. 16,79.6
2010. 03. 17,79.62
2010. 03. 18,79.48
2010. 03. 19,79.54
2010. 03. 22,79.62
2010. 03. 23,79.62
2010. 03. 24,79.22
2010. 03. 25,78.97
2010. 03. 26,79.14
2010. 03. 29,78.97
2010. 03. 30,79.13
2010. 03. 31,79.2
2010. 04. 01,78.93
2010. 04. 05,78.47
2010. 04. 06,78.53
2010. 04. 07,78.83
2010. 04. 08,78.79
2010. 04. 09,78.94
2010. 04. 12,79.02
2010. 04. 13,79.18
2010. 04. 14,79.12
2010. 04. 15,79.24
2010. 04. 16,79.41
2010. 04. 19,79.31
2010. 04. 20,79.39
2010. 04. 21,79.45
2010. 04. 22,79.4
2010. 04. 23,79.34
2010. 04. 26,79.3
2010. 04. 27,79.59
2010. 04. 28,79.54
2010. 04. 29,79.57
2010. 04. 30,79.8
2010. 05. 03,79.52
2010. 05. 04,79.75
2010. 05. 05,79.79
2010. 05. 06,80.1
2010. 05. 07,79.9
2010. 05. 10,79.81
2010. 05. 11,79.92
2010. 05. 12,79.7
2010. 05. 13,79.85
2010. 05. 14,80.12
2010. 05. 17,80.13
2010. 05. 18,80.43
2010. 05. 19,80.45
2010. 05. 20,80.59
2010. 05. 21,80.7
2010. 05. 24,80.69
2010. 05. 25,80.71
2010. 05. 26,80.61
2010. 05. 27,80.3
2010. 05. 28,80.46
2010. 06. 01,80.28
2010. 06. 02,80.21
2010. 06. 03,80.12
2010. 06. 04,80.34
2010. 06. 07,80.59
2010. 06. 08,80.56
2010. 06. 09,80.56
2010. 06. 10,80.23
2010. 06. 11,80.36
2010. 06. 14,80.38
2010. 06. 15,80.24
2010. 06. 16,80.43
2010. 06. 17,80.65
2010. 06. 18,80.62
2010. 06. 21,80.64
2010. 06. 22,80.83
2010. 06. 23,81.03
2010. 06. 24,80.92
2010. 06. 25,81.02
2010. 06. 28,81.17
2010. 06. 29,81.36
2010. 06. 30,81.38
2010. 07. 01,81.19
2010. 07. 02,81.14
2010. 07. 06,81.34
2010. 07. 07,81.24
2010. 07. 08,81.18
2010. 07. 09,81.09
2010. 07. 12,81.12
2010. 07. 13,80.98
2010. 07. 14,81.19
2010. 07. 15,81.27
2010. 07. 16,81.54
2010. 07. 19,81.45
2010. 07. 20,81.44
2010. 07. 21,81.73
2010. 07. 22,81.64
2010. 07. 23,81.5
2010. 07. 26,81.54
2010. 07. 27,81.5
2010. 07. 28,81.64
2010. 07. 29,81.73
2010. 07. 30,81.85
2010. 08. 02,81.6
2010. 08. 03,81.82
2010. 08. 04,81.66
2010. 08. 05,81.79
2010. 08. 06,82.03
2010. 08. 09,81.93
2010. 08. 10,82.1
2010. 08. 11,82.16
2010. 08. 12,82.01
2010. 08. 13,82.24
2010. 08. 16,82.55
2010. 08. 17,82.43
2010. 08. 18,82.38
2010. 08. 19,82.57
2010. 08. 20,82.46
2010. 08. 23,82.51
2010. 08. 24,82.8
2010. 08. 25,82.69
2010. 08. 26,82.76
2010. 08. 27,82.38
2010. 08. 30,82.75
2010. 08. 31,82.89
2010. 09. 01,82.4
2010. 09. 02,82.24
2010. 09. 03,82.09
2010. 09. 07,82.44
2010. 09. 08,82.21
2010. 09. 09,81.9
2010. 09. 10,81.8
2010. 09. 13,82.01
2010. 09. 14,82.13
2010. 09. 15,82.05
2010. 09. 16,81.92
2010. 09. 17,82
2010. 09. 20,82.06
2010. 09. 21,82.36
2010. 09. 22,82.43
2010. 09. 23,82.45
2010. 09. 24,82.26
2010. 09. 27,82.61
2010. 09. 28,82.79
2010. 09. 29,82.7
2010. 09. 30,82.66
2010. 10. 01,82.37
2010. 10. 04,82.58
2010. 10. 05,82.6
2010. 10. 06,82.81
2010. 10. 07,82.93
2010. 10. 08,82.83
2010. 10. 11,82.8
2010. 10. 12,82.72
2010. 10. 13,82.85
2010. 10. 14,82.53
2010. 10. 15,82.34
2010. 10. 18,82.65
2010. 10. 19,82.77
2010. 10. 20,82.74
2010. 10. 21,82.67
2010. 10. 22,82.62
2010. 10. 25,82.67
2010. 10. 26,82.44
2010. 10. 27,82.27
2010. 10. 28,82.55
2010. 10. 29,82.7
2010. 11. 01,82.47
2010. 11. 02,82.61
2010. 11. 03,82.7
2010. 11. 04,82.96
2010. 11. 05,82.61
2010. 11. 08,82.63
2010. 11. 09,82.21
2010. 11. 10,82.18
2010. 11. 11,82.21
2010. 11. 12,81.84
2010. 11. 15,81.45
2010. 11. 16,81.72
2010. 11. 17,81.74
2010. 11. 18,81.74
2010. 11. 19,81.76
2010. 11. 22,82
2010. 11. 23,82.02
2010. 11. 24,81.63
2010. 11. 26,81.82
2010. 11. 29,81.88
2010. 11. 30,81.91
2010. 12. 01,81.19
2010. 12. 02,81.12
2010. 12. 03,81.25
2010. 12. 06,81.52
2010. 12. 07,80.93
2010. 12. 08,80.51
2010. 12. 09,80.58
2010. 12. 10,80.32
2010. 12. 13,80.53
2010. 12. 14,80.02
2010. 12. 15,79.77
2010. 12. 16,79.95
2010. 12. 17,80.44
2010. 12. 20,80.49
2010. 12. 21,80.58
2010. 12. 22,80.49
2010. 12. 23,80.4
2010. 12. 27,80.04
2010. 12. 28,79.52
2010. 12. 29,79.99
2010. 12. 30,80
2010. 12. 31,80.27
2011. 01. 03,80.17
2011. 01. 04,80.18
2011. 01. 05,79.83
2011. 01. 06,79.9
2011. 01. 07,80.2
2011. 01. 10,80.39
2011. 01. 11,80.23
2011. 01. 12,80.18
2011. 01. 13,80.43
2011. 01. 14,80.32
2011. 01. 18,80.24
2011. 01. 19,80.34
2011. 01. 20,80.04
2011. 01. 21,80.2
2011. 01. 24,80.19
2011. 01. 25,80.4
2011. 01. 26,80.12
2011. 01. 27,80.28
2011. 01. 28,80.45
2011. 01. 31,80.34
2011. 02. 01,79.96
2011. 02. 02,79.87
2011. 02. 03,79.6
2011. 02. 04,79.33
2011. 02. 07,79.34
2011. 02. 08,79.09
2011. 02. 09,79.28
2011. 02. 10,79.03
2011. 02. 11,79.3
2011. 02. 14,79.39
2011. 02. 15,79.5
2011. 02. 16,79.53
2011. 02. 17,79.65
2011. 02. 18,79.65
2011. 02. 22,79.95
2011. 02. 23,79.94
2011. 02. 24,80.02
2011. 02. 25,80.24
2011. 02. 28,80.35
2011. 03. 01,80.1
2011. 03. 02,79.94
2011. 03. 03,79.62
2011. 03. 04,79.89
2011. 03. 07,79.88
2011. 03. 08,79.81
2011. 03. 09,79.95
2011. 03. 10,80.32
2011. 03. 11,80.33
2011. 03. 14,80.41
2011. 03. 15,80.46
2011. 03. 16,80.84
2011. 03. 17,80.72
2011. 03. 18,80.71
2011. 03. 21,80.48
2011. 03. 22,80.45
2011. 03. 23,80.42
2011. 03. 24,80.29
2011. 03. 25,80.18
2011. 03. 28,80.11
2011. 03. 29,79.97
2011. 03. 30,80.11
2011. 03. 31,80.02
2011. 04. 01,79.89
2011. 04. 04,79.99
2011. 04. 05,79.81
2011. 04. 06,79.69
2011. 04. 07,79.67
2011. 04. 08,79.62
2011. 04. 11,79.63
2011. 04. 12,79.91
2011. 04. 13,80.06
2011. 04. 14,80.02
2011. 04. 15,80.27
2011. 04. 18,80.36
2011. 04. 19,80.49
2011. 04. 20,80.38
2011. 04. 21,80.44
2011. 04. 25,80.49
2011. 04. 26,80.74
2011. 04. 27,80.7
2011. 04. 28,80.85
2011. 04. 29,80.96
2011. 05. 02,80.76
2011. 05. 03,80.85
2011. 05. 04,80.95
2011. 05. 05,81.13
2011. 05. 06,81.19
2011. 05. 09,81.26
2011. 05. 10,81.05
2011. 05. 11,81.15
2011. 05. 12,81.07
2011. 05. 13,81.19
2011. 05. 16,81.38
2011. 05. 17,81.51
2011. 05. 18,81.28
2011. 05. 19,81.25
2011. 05. 20,81.32
2011. 05. 23,81.37
2011. 05. 24,81.42
2011. 05. 25,81.45
2011. 05. 26,81.56
2011. 05. 27,81.59
2011. 05. 31,81.69
2011. 06. 01,81.86
2011. 06. 02,81.53
2011. 06. 03,81.67
2011. 06. 06,81.62
2011. 06. 07,81.72
2011. 06. 08,81.88
2011. 06. 09,81.69
2011. 06. 10,81.79
2011. 06. 13,81.71
2011. 06. 14,81.37
2011. 06. 15,81.7
2011. 06. 16,81.75
2011. 06. 17,81.83
2011. 06. 20,81.73
2011. 06. 21,81.75
2011. 06. 22,81.77
2011. 06. 23,81.97
2011. 06. 24,82.05
2011. 06. 27,81.81
2011. 06. 28,81.51
2011. 06. 29,81.33
2011. 06. 30,81.16
2011. 07. 01,80.98
2011. 07. 05,81.25
2011. 07. 06,81.3
2011. 07. 07,81.13
2011. 07. 08,81.55
2011. 07. 11,81.79
2011. 07. 12,81.87
2011. 07. 13,81.98
2011. 07. 14,81.67
2011. 07. 15,81.82
2011. 07. 18,81.71
2011. 07. 19,81.93
2011. 07. 20,81.8
2011. 07. 21,81.62
2011. 07. 22,81.84
2011. 07. 25,81.57
2011. 07. 26,81.77
2011. 07. 27,81.6
2011. 07. 28,81.84
2011. 07. 29,82.26
2011. 08. 01,82.3
2011. 08. 02,82.65
2011. 08. 03,82.71
2011. 08. 04,83.21
2011. 08. 05,82.67
2011. 08. 08,83.06
2011. 08. 09,83.35
2011. 08. 10,84.01
2011. 08. 11,83.2
2011. 08. 12,83.47
2011. 08. 15,83.33
2011. 08. 16,83.58
2011. 08. 17,83.73
2011. 08. 18,83.91
2011. 08. 19,83.99
2011. 08. 22,83.8
2011. 08. 23,83.55
2011. 08. 24,83.07
2011. 08. 25,83.3
2011. 08. 26,83.4
2011. 08. 29,83.2
2011. 08. 30,83.51
2011. 08. 31,83.4
2011. 09. 01,83.54
2011. 09. 02,83.77
2011. 09. 06,83.89
2011. 09. 07,83.7
2011. 09. 08,83.81
2011. 09. 09,83.88
2011. 09. 12,83.63
2011. 09. 13,83.54
2011. 09. 14,83.72
2011. 09. 15,83.56
2011. 09. 16,83.53
2011. 09. 19,83.79
2011. 09. 20,83.9
2011. 09. 21,84.13
2011. 09. 22,84.33
2011. 09. 23,84.05
2011. 09. 26,83.79
2011. 09. 27,83.62
2011. 09. 28,83.44
2011. 09. 29,83.43
2011. 09. 30,83.74
2011. 10. 03,84
2011. 10. 04,83.67
2011. 10. 05,83.31
2011. 10. 06,83.26
2011. 10. 07,83.08
2011. 10. 10,82.96
2011. 10. 11,82.92
2011. 10. 12,82.9
2011. 10. 13,83
2011. 10. 14,82.85
2011. 10. 17,83.14
2011. 10. 18,83.05
2011. 10. 19,83.27
2011. 10. 20,83.23
2011. 10. 21,83.1
2011. 10. 24,83.16
2011. 10. 25,83.59
2011. 10. 26,83.38
2011. 10. 27,83.27
2011. 10. 28,83.25
2011. 10. 31,83.62
2011. 11. 01,84.03
2011. 11. 02,83.98
2011. 11. 03,83.77
2011. 11. 04,83.89
2011. 11. 07,83.91
2011. 11. 08,83.65
2011. 11. 09,83.75
2011. 11. 10,83.65
2011. 11. 11,83.59
2011. 11. 14,83.6
2011. 11. 15,83.55
2011. 11. 16,83.71
2011. 11. 17,83.67
2011. 11. 18,83.62
2011. 11. 21,83.6
2011. 11. 22,83.69
2011. 11. 23,83.78
2011. 11. 25,83.66
2011. 11. 28,83.66
2011. 11. 29,83.54
2011. 11. 30,83.36
2011. 12. 01,83.13
2011. 12. 02,83.4
2011. 12. 05,83.41
2011. 12. 06,83.3
2011. 12. 07,83.41
2011. 12. 08,83.6
2011. 12. 09,83.4
2011. 12. 12,83.49
2011. 12. 13,83.7
2011. 12. 14,83.86
2011. 12. 15,83.82
2011. 12. 16,84.05
2011. 12. 19,84.02
2011. 12. 20,83.85
2011. 12. 21,83.62
2011. 12. 22,83.78
2011. 12. 23,83.29
2011. 12. 27,83.09
2011. 12. 28,83.41
2011. 12. 29,83.48
2011. 12. 30,83.54
2012. 01. 03,83.28
2012. 01. 04,83.32
2012. 01. 05,83.29
2012. 01. 06,83.34
2012. 01. 09,83.41
2012. 01. 10,83.37
2012. 01. 11,83.57
2012. 01. 12,83.45
2012. 01. 13,83.7
2012. 01. 17,83.63
2012. 01. 18,83.61
2012. 01. 19,83.53
2012. 01. 20,83.37
2012. 01. 23,83.27
2012. 01. 24,83.29
2012. 01. 25,83.53
2012. 01. 26,83.75
2012. 01. 27,83.9
2012. 01. 30,84
2012. 01. 31,84.07
2012. 02. 01,83.78
2012. 02. 02,83.91
2012. 02. 03,83.8
2012. 02. 06,83.84
2012. 02. 07,83.73
2012. 02. 08,83.63
2012. 02. 09,83.64
2012. 02. 10,83.7
2012. 02. 13,83.69
2012. 02. 14,83.8
2012. 02. 15,83.69
2012. 02. 16,83.7
2012. 02. 17,83.51
2012. 02. 21,83.46
2012. 02. 22,83.74
2012. 02. 23,83.78
2012. 02. 24,83.84
2012. 02. 27,83.99
2012. 02. 28,83.98
2012. 02. 29,83.9
2012. 03. 01,83.57
2012. 03. 02,83.74
2012. 03. 05,83.57
2012. 03. 06,83.71
2012. 03. 07,83.73
2012. 03. 08,83.6
2012. 03. 09,83.52
2012. 03. 12,83.58
2012. 03. 13,83.33
2012. 03. 14,82.84
2012. 03. 15,82.86
2012. 03. 16,82.85
2012. 03. 19,82.63
2012. 03. 20,82.65
2012. 03. 21,82.89
2012. 03. 22,83.01
2012. 03. 23,83.16
2012. 03. 26,83.15
2012. 03. 27,83.29
2012. 03. 28,83.27
2012. 03. 29,83.45
2012. 03. 30,83.28
2012. 04. 02,83
2012. 04. 03,82.69
2012. 04. 04,82.92
2012. 04. 05,83.08
2012. 04. 09,83.37
2012. 04. 10,83.61
2012. 04. 11,83.49
2012. 04. 12,83.5
2012. 04. 13,83.71
2012. 04. 16,83.71
2012. 04. 17,83.7
2012. 04. 18,83.76
2012. 04. 19,83.74
2012. 04. 20,83.73
2012. 04. 23,83.83
2012. 04. 24,83.73
2012. 04. 25,83.71
2012. 04. 26,83.82
2012. 04. 27,83.87
2012. 04. 30,83.92
2012. 05. 01,83.61
2012. 05. 02,83.74
2012. 05. 03,83.85
2012. 05. 04,83.94
2012. 05. 07,83.91
2012. 05. 08,83.99
2012. 05. 09,83.94
2012. 05. 10,83.89
2012. 05. 11,83.95
2012. 05. 14,84.1
2012. 05. 15,84.12
2012. 05. 16,84.07
2012. 05. 17,84.14
2012. 05. 18,84.09
2012. 05. 21,84.1
2012. 05. 22,83.96
2012. 05. 23,84.02
2012. 05. 24,83.93
2012. 05. 25,84.03
2012. 05. 29,84.03
2012. 05. 30,84.35
2012. 05. 31,84.51
2012. 06. 01,84.62
2012. 06. 04,84.41
2012. 06. 05,84.24
2012. 06. 06,84.08
2012. 06. 07,84.11
2012. 06. 08,84.16
2012. 06. 11,84.23
2012. 06. 12,84.1
2012. 06. 13,84.28
2012. 06. 14,84.23
2012. 06. 15,84.42
2012. 06. 18,84.43
2012. 06. 19,84.32
2012. 06. 20,84.16
2012. 06. 21,84.3
2012. 06. 22,84.13
2012. 06. 25,84.35
2012. 06. 26,84.26
2012. 06. 27,84.35
2012. 06. 28,84.44
2012. 06. 29,84.38
2012. 07. 02,84.37
2012. 07. 03,84.25
2012. 07. 05,84.49
2012. 07. 06,84.57
2012. 07. 09,84.73
2012. 07. 10,84.81
2012. 07. 11,84.69
2012. 07. 12,84.85
2012. 07. 13,84.86
2012. 07. 16,84.91
2012. 07. 17,84.88
2012. 07. 18,85.02
2012. 07. 19,85
2012. 07. 20,85.16
2012. 07. 23,85.2
2012. 07. 24,85.3
2012. 07. 25,85.36
2012. 07. 26,85.3
2012. 07. 27,84.98
2012. 07. 30,85.14
2012. 07. 31,85.23
2012. 08. 01,84.94
2012. 08. 02,85.1
2012. 08. 03,84.79
2012. 08. 06,84.87
2012. 08. 07,84.65
2012. 08. 08,84.63
2012. 08. 09,84.58
2012. 08. 10,84.68
2012. 08. 13,84.69
2012. 08. 14,84.48
2012. 08. 15,84.18
2012. 08. 16,84.09
2012. 08. 17,84.23
2012. 08. 20,84.19
2012. 08. 21,84.34
2012. 08. 22,84.68
2012. 08. 23,84.72
2012. 08. 24,84.72
2012. 08. 27,84.85
2012. 08. 28,84.88
2012. 08. 29,84.81
2012. 08. 30,84.88
2012. 08. 31,85.18
2012. 09. 04,84.94
2012. 09. 05,84.94
2012. 09. 06,84.74
2012. 09. 07,84.74
2012. 09. 10,84.76
2012. 09. 11,84.65
2012. 09. 12,84.53
2012. 09. 13,84.7
2012. 09. 14,84.28
2012. 09. 17,84.4
2012. 09. 18,84.5
2012. 09. 19,84.61
2012. 09. 20,84.63
2012. 09. 21,84.72
2012. 09. 24,84.81
2012. 09. 25,84.98
2012. 09. 26,85.12
2012. 09. 27,85.07
2012. 09. 28,85.15
2012. 10. 01,85.04
2012. 10. 02,85.04
2012. 10. 03,85.01
2012. 10. 04,84.87
2012. 10. 05,84.78
2012. 10. 08,84.89
2012. 10. 09,84.74
2012. 10. 10,84.87
2012. 10. 11,84.94
2012. 10. 12,85
2012. 10. 15,84.97
2012. 10. 16,84.8
2012. 10. 17,84.59
2012. 10. 18,84.55
2012. 10. 19,84.68
2012. 10. 22,84.56
2012. 10. 23,84.75
2012. 10. 24,84.71
2012. 10. 25,84.57
2012. 10. 26,84.75
2012. 10. 31,84.89
2012. 11. 01,84.76
2012. 11. 02,84.79
2012. 11. 05,84.92
2012. 11. 06,84.65
2012. 11. 07,84.85
2012. 11. 08,84.98
2012. 11. 09,84.9
2012. 11. 12,85.03
2012. 11. 13,85.02
2012. 11. 14,85
2012. 11. 15,84.99
2012. 11. 16,84.95
2012. 11. 19,84.95
2012. 11. 20,84.82
2012. 11. 21,84.73
2012. 11. 23,84.75
2012. 11. 26,84.73
2012. 11. 27,84.9
2012. 11. 28,84.95
2012. 11. 29,85
2012. 11. 30,84.94
2012. 12. 03,84.84
2012. 12. 04,84.91
2012. 12. 05,84.97
2012. 12. 06,84.97
2012. 12. 07,84.81
2012. 12. 10,84.86
2012. 12. 11,84.79
2012. 12. 12,84.66
2012. 12. 13,84.49
2012. 12. 14,84.54
2012. 12. 17,84.39
2012. 12. 18,84.2
2012. 12. 19,84.38
2012. 12. 20,84.4
2012. 12. 21,84.52
2012. 12. 24,83.95
2012. 12. 26,84.01
2012. 12. 27,84.09
2012. 12. 28,84.11
2012. 12. 31,84.03
2013. 01. 02,83.9
2013. 01. 03,83.65
2013. 01. 04,83.78
2013. 01. 07,83.72
2013. 01. 08,83.8
2013. 01. 09,83.77
2013. 01. 10,83.77
2013. 01. 11,83.83
2013. 01. 14,83.83
2013. 01. 15,83.94
2013. 01. 16,83.93
2013. 01. 17,83.79
2013. 01. 18,83.92
2013. 01. 22,83.84
2013. 01. 23,83.97
2013. 01. 24,83.85
2013. 01. 25,83.58
2013. 01. 28,83.48
2013. 01. 29,83.39
2013. 01. 30,83.3
2013. 01. 31,83.45
2013. 02. 01,83.05
2013. 02. 04,83.34
2013. 02. 05,83.2
2013. 02. 06,83.4
2013. 02. 07,83.41
2013. 02. 08,83.39
2013. 02. 11,83.29
2013. 02. 12,83.31
2013. 02. 13,83.2
2013. 02. 14,83.32
2013. 02. 15,83.25
2013. 02. 19,83.22
2013. 02. 20,83.28
2013. 02. 21,83.36
2013. 02. 22,83.4
2013. 02. 25,83.67
2013. 02. 26,83.71
2013. 02. 27,83.69
2013. 02. 28,83.73
2013. 03. 01,83.62
2013. 03. 04,83.6
2013. 03. 05,83.55
2013. 03. 06,83.41
2013. 03. 07,83.29
2013. 03. 08,83.06
2013. 03. 11,83.02
2013. 03. 12,83.18
2013. 03. 13,83.08
2013. 03. 14,83.11
2013. 03. 15,83.21
2013. 03. 18,83.37
2013. 03. 19,83.42
2013. 03. 20,83.34
2013. 03. 21,83.36
2013. 03. 22,83.44
2013. 03. 25,83.43
2013. 03. 26,83.46
2013. 03. 27,83.63
2013. 03. 28,83.64
2013. 04. 01,83.41
2013. 04. 02,83.42
2013. 04. 03,83.47
2013. 04. 04,83.71
2013. 04. 05,83.94
2013. 04. 08,83.9
2013. 04. 09,83.81
2013. 04. 10,83.65
2013. 04. 11,83.69
2013. 04. 12,83.89
2013. 04. 15,83.98
2013. 04. 16,83.96
2013. 04. 17,84
2013. 04. 18,84.05
2013. 04. 19,83.98
2013. 04. 22,84.09
2013. 04. 23,84.07
2013. 04. 24,84.05
2013. 04. 25,84
2013. 04. 26,84.11
2013. 04. 29,84.18
2013. 04. 30,84.18
2013. 05. 01,84.16
2013. 05. 02,84.18
2013. 05. 03,83.78
2013. 05. 06,83.77
2013. 05. 07,83.69
2013. 05. 08,83.77
2013. 05. 09,83.64
2013. 05. 10,83.43
2013. 05. 13,83.34
2013. 05. 14,83.18
2013. 05. 15,83.28
2013. 05. 16,83.4
2013. 05. 17,83.22
2013. 05. 20,83.2
2013. 05. 21,83.28
2013. 05. 22,83
2013. 05. 23,82.99
2013. 05. 24,83
2013. 05. 28,82.54
2013. 05. 29,82.61
2013. 05. 30,82.54
2013. 05. 31,82.4
2013. 06. 03,82.16
2013. 06. 04,82.13
2013. 06. 05,82.1
2013. 06. 06,82.21
2013. 06. 07,82
2013. 06. 10,81.79
2013. 06. 11,81.83
2013. 06. 12,81.67
2013. 06. 13,82.03
2013. 06. 14,82.12
2013. 06. 17,82.06
2013. 06. 18,81.99
2013. 06. 19,81.51
2013. 06. 20,80.77
2013. 06. 21,80.44
2013. 06. 24,80.05
2013. 06. 25,80.24
2013. 06. 26,80.52
2013. 06. 27,80.84
2013. 06. 28,80.88
2013. 07. 01,80.85
2013. 07. 02,80.87
2013. 07. 03,80.81
2013. 07. 05,79.91
2013. 07. 08,80.27
2013. 07. 09,80.36
2013. 07. 10,80.16
2013. 07. 11,80.7
2013. 07. 12,80.59
2013. 07. 15,80.81
2013. 07. 16,80.93
2013. 07. 17,81.11
2013. 07. 18,80.98
2013. 07. 19,81.19
2013. 07. 22,81.24
2013. 07. 23,81.22
2013. 07. 24,80.96
2013. 07. 25,80.93
2013. 07. 26,80.99
2013. 07. 29,80.98
2013. 07. 30,80.93
2013. 07. 31,81.02
2013. 08. 01,80.46
2013. 08. 02,80.72
2013. 08. 05,80.75
2013. 08. 06,80.7
2013. 08. 07,80.82
2013. 08. 08,80.86
2013. 08. 09,80.96
2013. 08. 12,80.81
2013. 08. 13,80.53
2013. 08. 14,80.49
2013. 08. 15,80.2
2013. 08. 16,79.99
2013. 08. 19,79.76
2013. 08. 20,79.99
2013. 08. 21,79.68
2013. 08. 22,79.76
2013. 08. 23,79.99
2013. 08. 26,80.13
2013. 08. 27,80.33
2013. 08. 28,80.19
2013. 08. 29,80.27
2013. 08. 30,80.16
2013. 09. 03,79.81
2013. 09. 04,79.71
2013. 09. 05,79.16
2013. 09. 06,79.46
2013. 09. 09,79.66
2013. 09. 10,79.49
2013. 09. 11,79.71
2013. 09. 12,79.69
2013. 09. 13,79.82
2013. 09. 16,79.92
2013. 09. 17,79.99
2013. 09. 18,80.63
2013. 09. 19,80.54
2013. 09. 20,80.53
2013. 09. 23,80.59
2013. 09. 24,80.76
2013. 09. 25,80.93
2013. 09. 26,80.81
2013. 09. 27,80.83
2013. 09. 30,80.88
2013. 10. 01,80.61
2013. 10. 02,80.7
2013. 10. 03,80.74
2013. 10. 04,80.65
2013. 10. 07,80.71
2013. 10. 08,80.68
2013. 10. 09,80.63
2013. 10. 10,80.65
2013. 10. 11,80.68
2013. 10. 14,80.52
2013. 10. 15,80.5
2013. 10. 16,80.84
2013. 10. 17,81.12
2013. 10. 18,81.21
2013. 10. 21,81.11
2013. 10. 22,81.37
2013. 10. 23,81.41
2013. 10. 24,81.41
2013. 10. 25,81.5
2013. 10. 28,81.43
2013. 10. 29,81.49
2013. 10. 30,81.4
2013. 10. 31,81.4
2013. 11. 01,81
2013. 11. 04,81.05
2013. 11. 05,80.81
2013. 11. 06,80.95
2013. 11. 07,81.11
2013. 11. 08,80.58
2013. 11. 11,80.51
2013. 11. 12,80.47
2013. 11. 13,80.69
2013. 11. 14,80.92
2013. 11. 15,80.95
2013. 11. 18,81.1
2013. 11. 19,80.94
2013. 11. 20,80.72
2013. 11. 21,80.72
2013. 11. 22,80.9
2013. 11. 25,80.96
2013. 11. 26,80.97
2013. 11. 27,80.94
2013. 11. 29,80.98
2013. 12. 02,80.5
2013. 12. 03,80.58
2013. 12. 04,80.46
2013. 12. 05,80.32
2013. 12. 06,80.44
2013. 12. 09,80.52
2013. 12. 10,80.69
2013. 12. 11,80.55
2013. 12. 12,80.34
2013. 12. 13,80.43
2013. 12. 16,80.46
2013. 12. 17,80.61
2013. 12. 18,80.58
2013. 12. 19,80.43
2013. 12. 20,80.58
2013. 12. 23,80.48
2013. 12. 24,80.07
2013. 12. 26,79.95
2013. 12. 27,79.95
2013. 12. 30,80.08
2013. 12. 31,80.05
2014. 01. 02,80.12
2014. 01. 03,80.13
2014. 01. 06,80.2
2014. 01. 07,80.3
2014. 01. 08,80.04
2014. 01. 09,80.19
2014. 01. 10,80.58
2014. 01. 13,80.69
2014. 01. 14,80.57
2014. 01. 15,80.52
2014. 01. 16,80.7
2014. 01. 17,80.79
2014. 01. 21,80.79
2014. 01. 22,80.65
2014. 01. 23,80.87
2014. 01. 24,81.08
2014. 01. 27,80.93
2014. 01. 28,81
2014. 01. 29,81.18
2014. 01. 30,81.18
2014. 01. 31,81.29
2014. 02. 03,81.38
2014. 02. 04,81.25
2014. 02. 05,81.08
2014. 02. 06,81.05
2014. 02. 07,81.15
2014. 02. 10,81.2
2014. 02. 11,81.03
2014. 02. 12,80.89
2014. 02. 13,81.09
2014. 02. 14,81.06
2014. 02. 18,81.17
2014. 02. 19,81.1
2014. 02. 20,81.09
2014. 02. 21,81.15
2014. 02. 24,81.13
2014. 02. 25,81.29
2014. 02. 26,81.46
2014. 02. 27,81.56
2014. 02. 28,81.5
2014. 03. 03,81.5
2014. 03. 04,81.22
2014. 03. 05,81.33
2014. 03. 06,81.13
2014. 03. 07,80.89
2014. 03. 10,80.94
2014. 03. 11,80.93
2014. 03. 12,81.1
2014. 03. 13,81.34
2014. 03. 14,81.29
2014. 03. 17,81.18
2014. 03. 18,81.27
2014. 03. 19,80.89
2014. 03. 20,80.82
2014. 03. 21,81.05
2014. 03. 24,81.06
2014. 03. 25,81.04
2014. 03. 26,81.26
2014. 03. 27,81.34
2014. 03. 28,81.19
2014. 03. 31,81.19
2014. 04. 01,80.91
2014. 04. 02,80.75
2014. 04. 03,80.82
2014. 04. 04,81.06
2014. 04. 07,81.21
2014. 04. 08,81.27
2014. 04. 09,81.25
2014. 04. 10,81.5
2014. 04. 11,81.55
2014. 04. 14,81.54
2014. 04. 15,81.58
2014. 04. 16,81.53
2014. 04. 17,81.32
2014. 04. 21,81.34
2014. 04. 22,81.34
2014. 04. 23,81.47
2014. 04. 24,81.49
2014. 04. 25,81.52
2014. 04. 28,81.43
2014. 04. 29,81.47
2014. 04. 30,81.65
2014. 05. 01,81.67
2014. 05. 02,81.76
2014. 05. 05,81.67
2014. 05. 06,81.75
2014. 05. 07,81.79
2014. 05. 08,81.83
2014. 05. 09,81.73
2014. 05. 12,81.65
2014. 05. 13,81.8
2014. 05. 14,82.01
2014. 05. 15,82.16
2014. 05. 16,82.16
2014. 05. 19,82.13
2014. 05. 20,82.17
2014. 05. 21,82.1
2014. 05. 22,82.05
2014. 05. 23,82.13
2014. 05. 27,82.21
2014. 05. 28,82.48
2014. 05. 29,82.41
2014. 05. 30,82.33
2014. 06. 02,81.95
2014. 06. 03,81.75
2014. 06. 04,81.76
2014. 06. 05,81.85
2014. 06. 06,81.84
2014. 06. 09,81.77
2014. 06. 10,81.61
2014. 06. 11,81.64
2014. 06. 12,81.85
2014. 06. 13,81.83
2014. 06. 16,81.81
2014. 06. 17,81.62
2014. 06. 18,81.83
2014. 06. 19,81.76
2014. 06. 20,81.81
2014. 06. 23,81.78
2014. 06. 24,81.93
2014. 06. 25,82.04
2014. 06. 26,82.15
2014. 06. 27,82.15
2014. 06. 30,82.22
2014. 07. 01,81.89
2014. 07. 02,81.67
2014. 07. 03,81.57
2014. 07. 07,81.67
2014. 07. 08,81.82
2014. 07. 09,81.9
2014. 07. 10,81.92
2014. 07. 11,82.04
2014. 07. 14,81.92
2014. 07. 15,81.86
2014. 07. 16,81.89
2014. 07. 17,82.11
2014. 07. 18,82.11
2014. 07. 21,82.11
2014. 07. 22,82.22
2014. 07. 23,82.18
2014. 07. 24,82.02
2014. 07. 25,82.17
2014. 07. 28,82.15
2014. 07. 29,82.22
2014. 07. 30,81.91
2014. 07. 31,81.82
2014. 08. 01,81.92
2014. 08. 04,82.03
2014. 08. 05,81.92
2014. 08. 06,82.01
2014. 08. 07,82.19
2014. 08. 08,82.13
2014. 08. 11,82.17
2014. 08. 12,82.1
2014. 08. 13,82.25
2014. 08. 14,82.33
2014. 08. 15,82.48
2014. 08. 18,82.31
2014. 08. 19,82.3
2014. 08. 20,82.18
2014. 08. 21,82.27
2014. 08. 22,82.27
2014. 08. 25,82.3
2014. 08. 26,82.34
2014. 08. 27,82.47
2014. 08. 28,82.58
2014. 08. 29,82.58
2014. 09. 02,82.12
2014. 09. 03,82.26
2014. 09. 04,82.12
2014. 09. 05,82.09
2014. 09. 08,82.03
2014. 09. 09,81.89
2014. 09. 10,81.74
2014. 09. 11,81.68
2014. 09. 12,81.55
2014. 09. 15,81.59
2014. 09. 16,81.56
2014. 09. 17,81.46
2014. 09. 18,81.47
2014. 09. 19,81.64
2014. 09. 22,81.74
2014. 09. 23,81.78
2014. 09. 24,81.73
2014. 09. 25,81.93
2014. 09. 26,81.85
2014. 09. 29,81.95
2014. 09. 30,81.93
2014. 10. 01,82.12
2014. 10. 02,82.06
2014. 10. 03,82.01
2014. 10. 06,82.2
2014. 10. 07,82.41
2014. 10. 08,82.63
2014. 10. 09,82.5
2014. 10. 10,82.57
2014. 10. 13,82.81
2014. 10. 14,82.92
2014. 10. 15,83.11
2014. 10. 16,82.97
2014. 10. 17,82.91
2014. 10. 20,82.98
2014. 10. 21,82.86
2014. 10. 22,82.84
2014. 10. 23,82.59
2014. 10. 24,82.66
2014. 10. 27,82.63
2014. 10. 28,82.58
2014. 10. 29,82.44
2014. 10. 30,82.5
2014. 10. 31,82.36
2014. 11. 03,82.15
2014. 11. 04,82.13
2014. 11. 05,82.23
2014. 11. 06,82.04
2014. 11. 07,82.32
2014. 11. 10,82.15
2014. 11. 11,82.19
2014. 11. 12,82.18
2014. 11. 13,82.24
2014. 11. 14,82.26
2014. 11. 17,82.26
2014. 11. 18,82.38
2014. 11. 19,82.17
2014. 11. 20,82.27
2014. 11. 21,82.45
2014. 11. 24,82.46
2014. 11. 25,82.61
2014. 11. 26,82.73
2014. 11. 28,82.87
2014. 12. 01,82.58
2014. 12. 02,82.4
2014. 12. 03,82.38
2014. 12. 04,82.52
2014. 12. 05,82.28
2014. 12. 08,82.45
2014. 12. 09,82.48
2014. 12. 10,82.7
2014. 12. 11,82.62
2014. 12. 12,82.9
2014. 12. 15,82.75
2014. 12. 16,82.94
2014. 12. 17,82.74
2014. 12. 18,82.61
2014. 12. 19,82.79
2014. 12. 22,82.75
2014. 12. 23,82.01
2014. 12. 24,82.04
2014. 12. 26,82.11
2014. 12. 29,82.25
2014. 12. 30,82.31
2014. 12. 31,82.37
2015. 01. 02,82.65
2015. 01. 05,82.89
2015. 01. 06,83.13
2015. 01. 07,83.18
2015. 01. 08,83.05
2015. 01. 09,83.19
2015. 01. 12,83.3
2015. 01. 13,83.38
2015. 01. 14,83.57
2015. 01. 15,83.94
2015. 01. 16,83.69
2015. 01. 20,83.6
2015. 01. 21,83.44
2015. 01. 22,83.46
2015. 01. 23,83.73
2015. 01. 26,83.63
2015. 01. 27,83.68
2015. 01. 28,83.98
2015. 01. 29,83.89
2015. 01. 30,84.35
2015. 02. 02,84.08
2015. 02. 03,83.82
2015. 02. 04,83.85
2015. 02. 05,83.67
2015. 02. 06,83.13
2015. 02. 09,83.1
2015. 02. 10,82.95
2015. 02. 11,82.95
2015. 02. 12,82.99
2015. 02. 13,82.8
2015. 02. 17,82.47
2015. 02. 18,82.7
2015. 02. 19,82.63
2015. 02. 20,82.65
2015. 02. 23,82.82
2015. 02. 24,83.16
2015. 02. 25,83.24
2015. 02. 26,83.01
2015. 02. 27,83.08
2015. 03. 02,82.65
2015. 03. 03,82.55
2015. 03. 04,82.55
2015. 03. 05,82.6
2015. 03. 06,82.12
2015. 03. 09,82.22
2015. 03. 10,82.54
2015. 03. 11,82.63
2015. 03. 12,82.69
2015. 03. 13,82.61
2015. 03. 16,82.77
2015. 03. 17,82.84
2015. 03. 18,83.35
2015. 03. 19,83.1
2015. 03. 20,83.32
2015. 03. 23,83.36
2015. 03. 24,83.5
2015. 03. 25,83.37
2015. 03. 26,83.1
2015. 03. 27,83.18
2015. 03. 30,83.28
2015. 03. 31,83.37
2015. 04. 01,83.51
2015. 04. 02,83.4
2015. 04. 06,83.47
2015. 04. 07,83.52
2015. 04. 08,83.46
2015. 04. 09,83.28
2015. 04. 10,83.24
2015. 04. 13,83.26
2015. 04. 14,83.41
2015. 04. 15,83.49
2015. 04. 16,83.47
2015. 04. 17,83.61
2015. 04. 20,83.52
2015. 04. 21,83.42
2015. 04. 22,83.11
2015. 04. 23,83.27
2015. 04. 24,83.4
2015. 04. 27,83.34
2015. 04. 28,83.08
2015. 04. 29,82.82
2015. 04. 30,82.91
2015. 05. 01,82.5
2015. 05. 04,82.38
2015. 05. 05,82.25
2015. 05. 06,82.02
2015. 05. 07,82.19
2015. 05. 08,82.41
2015. 05. 11,81.98
2015. 05. 12,81.88
2015. 05. 13,81.84
2015. 05. 14,82
2015. 05. 15,82.33
2015. 05. 18,82.03
2015. 05. 19,81.85
2015. 05. 20,81.85
2015. 05. 21,82.11
2015. 05. 22,82.06
2015. 05. 26,82.26
2015. 05. 27,82.3
2015. 05. 28,82.31
2015. 05. 29,82.34
2015. 06. 01,81.9
2015. 06. 02,81.67
2015. 06. 03,81.31
2015. 06. 04,81.51
2015. 06. 05,81.19
2015. 06. 08,81.29
2015. 06. 09,81.05
2015. 06. 10,80.88
2015. 06. 11,81.26
2015. 06. 12,81.2
2015. 06. 15,81.21
2015. 06. 16,81.42
2015. 06. 17,81.45
2015. 06. 18,81.39
2015. 06. 19,81.62
2015. 06. 22,81.23
2015. 06. 23,81.04
2015. 06. 24,81.19
2015. 06. 25,81.08
2015. 06. 26,80.93
2015. 06. 29,81.34
2015. 06. 30,81.26
2015. 07. 01,80.9
2015. 07. 02,81.1
2015. 07. 06,81.38
2015. 07. 07,81.46
2015. 07. 08,81.69
2015. 07. 09,81.42
2015. 07. 10,81.04
2015. 07. 13,80.85
2015. 07. 14,81
2015. 07. 15,81.23
2015. 07. 16,81.23
2015. 07. 17,81.24
2015. 07. 20,81.13
2015. 07. 21,81.28
2015. 07. 22,81.31
2015. 07. 23,81.5
2015. 07. 24,81.55
2015. 07. 27,81.71
2015. 07. 28,81.57
2015. 07. 29,81.5
2015. 07. 30,81.53
2015. 07. 31,81.81
2015. 08. 03,81.83
2015. 08. 04,81.55
2015. 08. 05,81.42
2015. 08. 06,81.47
2015. 08. 07,81.64
2015. 08. 10,81.47
2015. 08. 11,81.78
2015. 08. 12,81.75
2015. 08. 13,81.58
2015. 08. 14,81.55
2015. 08. 17,81.7
2015. 08. 18,81.55
2015. 08. 19,81.84
2015. 08. 20,81.91
2015. 08. 21,82.04
2015. 08. 24,82.02
2015. 08. 25,81.75
2015. 08. 26,81.4
2015. 08. 27,81.51
2015. 08. 28,81.55
2015. 08. 31,81.44
2015. 09. 01,81.47
2015. 09. 02,81.41
2015. 09. 03,81.47
2015. 09. 04,81.67
2015. 09. 08,81.47
2015. 09. 09,81.45
2015. 09. 10,81.28
2015. 09. 11,81.45
2015. 09. 14,81.47
2015. 09. 15,81.13
2015. 09. 16,81.08
2015. 09. 17,81.54
2015. 09. 18,81.77
2015. 09. 21,81.47
2015. 09. 22,81.62
2015. 09. 23,81.62
2015. 09. 24,81.65
2015. 09. 25,81.5
2015. 09. 28,81.71
2015. 09. 29,81.77
2015. 09. 30,81.93
2015. 10. 01,81.81
2015. 10. 02,82.12
2015. 10. 05,81.8
2015. 10. 06,81.91
2015. 10. 07,81.91
2015. 10. 08,81.78
2015. 10. 09,81.77
2015. 10. 12,81.91
2015. 10. 13,81.96
2015. 10. 14,82.26
2015. 10. 15,82.1
2015. 10. 16,82.07
2015. 10. 19,82.07
2015. 10. 20,81.94
2015. 10. 21,82.09
2015. 10. 22,82.23
2015. 10. 23,82.02
2015. 10. 26,82.11
2015. 10. 27,82.13
2015. 10. 28,81.9
2015. 10. 29,81.61
2015. 10. 30,81.79
2015. 11. 02,81.46
2015. 11. 03,81.32
2015. 11. 04,81.37
2015. 11. 05,81.22
2015. 11. 06,80.9
2015. 11. 09,80.83
2015. 11. 10,80.92
2015. 11. 11,80.93
2015. 11. 12,80.94
2015. 11. 13,81.09
2015. 11. 16,81.09
2015. 11. 17,81.18
2015. 11. 18,81.14
2015. 11. 19,81.25
2015. 11. 20,81.23
2015. 11. 23,81.26
2015. 11. 24,81.29
2015. 11. 25,81.3
2015. 11. 27,81.34
2015. 11. 30,81.3
2015. 12. 01,81.44
2015. 12. 02,81.34
2015. 12. 03,80.71
2015. 12. 04,81.03
2015. 12. 07,81.17
2015. 12. 08,81.19
2015. 12. 09,81.16
2015. 12. 10,81.15
2015. 12. 11,81.37
2015. 12. 14,80.99
2015. 12. 15,80.9
2015. 12. 16,80.81
2015. 12. 17,80.98
2015. 12. 18,81.16
2015. 12. 21,81.07
2015. 12. 22,80.96
2015. 12. 23,80.74
2015. 12. 24,80.8
2015. 12. 28,80.8
2015. 12. 29,80.55
2015. 12. 30,80.6
2015. 12. 31,80.76
2016. 01. 04,80.72
2016. 01. 05,80.82
2016. 01. 06,81.18
2016. 01. 07,81.19
2016. 01. 08,81.29
2016. 01. 11,80.95
2016. 01. 12,81.16
2016. 01. 13,81.36
2016. 01. 14,81.26
2016. 01. 15,81.4
2016. 01. 19,81.3
2016. 01. 20,81.39
2016. 01. 21,81.34
2016. 01. 22,81.31
2016. 01. 25,81.31
2016. 01. 26,81.43
2016. 01. 27,81.43
2016. 01. 28,81.49
2016. 01. 29,81.73
2016. 02. 01,81.39
2016. 02. 02,81.67
2016. 02. 03,81.73
2016. 02. 04,81.79
2016. 02. 05,81.71
2016. 02. 08,82.06
2016. 02. 09,82.05
2016. 02. 10,82.22
2016. 02. 11,82.27
2016. 02. 12,82
2016. 02. 16,81.88
2016. 02. 17,81.86
2016. 02. 18,82.14
2016. 02. 19,82.03
2016. 02. 22,82.05
2016. 02. 23,82.1
2016. 02. 24,82.16
2016. 02. 25,82.28
2016. 02. 26,82.2
2016. 02. 29,82.25
2016. 03. 01,81.81
2016. 03. 02,81.76
2016. 03. 03,81.8
2016. 03. 04,81.76
2016. 03. 07,81.74
2016. 03. 08,82.01
2016. 03. 09,81.87
2016. 03. 10,81.83
2016. 03. 11,81.72
2016. 03. 14,81.9
2016. 03. 15,81.82
2016. 03. 16,82.14
2016. 03. 17,82.32
2016. 03. 18,82.39
2016. 03. 21,82.24
2016. 03. 22,82.22
2016. 03. 23,82.4
2016. 03. 24,82.3
2016. 03. 28,82.34
2016. 03. 29,82.68
2016. 03. 30,82.65
2016. 03. 31,82.81
2016. 04. 01,82.73
2016. 04. 04,82.73
2016. 04. 05,82.88
2016. 04. 06,82.84
2016. 04. 07,83.11
2016. 04. 08,83.04
2016. 04. 11,83.03
2016. 04. 12,82.9
2016. 04. 13,82.95
2016. 04. 14,82.88
2016. 04. 15,83.07
2016. 04. 18,83.04
2016. 04. 19,83.09
2016. 04. 20,82.86
2016. 04. 21,82.76
2016. 04. 22,82.73
2016. 04. 25,82.63
2016. 04. 26,82.51
2016. 04. 27,82.76
2016. 04. 28,82.91
2016. 04. 29,82.97
2016. 05. 02,82.66
2016. 05. 03,82.89
2016. 05. 04,82.92
2016. 05. 05,83.07
2016. 05. 06,83.03
2016. 05. 09,83.09
2016. 05. 10,83.09
2016. 05. 11,83.11
2016. 05. 12,83.12
2016. 05. 13,83.21
2016. 05. 16,83.03
2016. 05. 17,82.97
2016. 05. 18,82.58
2016. 05. 19,82.67
2016. 05. 20,82.67
2016. 05. 23,82.69
2016. 05. 24,82.65
2016. 05. 25,82.62
2016. 05. 26,82.76
2016. 05. 27,82.73
2016. 05. 31,82.8
2016. 06. 01,82.66
2016. 06. 02,82.82
2016. 06. 03,83.34
2016. 06. 06,83.21
2016. 06. 07,83.22
2016. 06. 08,83.32
2016. 06. 09,83.4
2016. 06. 10,83.48
2016. 06. 13,83.5
2016. 06. 14,83.49
2016. 06. 15,83.68
2016. 06. 16,83.77
2016. 06. 17,83.65
2016. 06. 20,83.46
2016. 06. 21,83.35
2016. 06. 22,83.38
2016. 06. 23,83.23
2016. 06. 24,83.69
2016. 06. 27,84.12
2016. 06. 28,84.22
2016. 06. 29,84.19
2016. 06. 30,84.3
2016. 07. 01,84.37
2016. 07. 05,84.66
2016. 07. 06,84.81
2016. 07. 07,84.67
2016. 07. 08,84.89
2016. 07. 11,84.64
2016. 07. 12,84.3
2016. 07. 13,84.45
2016. 07. 14,84.32
2016. 07. 15,84.05
2016. 07. 18,84.08
2016. 07. 19,84.21
2016. 07. 20,84.12
2016. 07. 21,84.22
2016. 07. 22,84.23
2016. 07. 25,84.18
2016. 07. 26,84.17
2016. 07. 27,84.42
2016. 07. 28,84.37
2016. 07. 29,84.64
2016. 08. 01,84.21
2016. 08. 02,84.13
2016. 08. 03,84.13
2016. 08. 04,84.28
2016. 08. 05,84
2016. 08. 08,84.01
2016. 08. 09,84.25
2016. 08. 10,84.36
2016. 08. 11,84.14
2016. 08. 12,84.33
2016. 08. 15,84.19
2016. 08. 16,84.15
2016. 08. 17,84.28
2016. 08. 18,84.37
2016. 08. 19,84.2
2016. 08. 22,84.32
2016. 08. 23,84.36
2016. 08. 24,84.35
2016. 08. 25,84.26
2016. 08. 26,84.05
2016. 08. 29,84.34
2016. 08. 30,84.27
2016. 08. 31,84.21
2016. 09. 01,84.16
2016. 09. 02,84.04
2016. 09. 06,84.29
2016. 09. 07,84.3
2016. 09. 08,83.98
2016. 09. 09,83.61
2016. 09. 12,83.64
2016. 09. 13,83.4
2016. 09. 14,83.51
2016. 09. 15,83.58
2016. 09. 16,83.65
2016. 09. 19,83.59
2016. 09. 20,83.61
2016. 09. 21,83.85
2016. 09. 22,84.02
2016. 09. 23,84
2016. 09. 26,84.14
2016. 09. 27,84.24
2016. 09. 28,84.24
2016. 09. 29,84.25
2016. 09. 30,84.14
2016. 10. 03,83.89
2016. 10. 04,83.61
2016. 10. 05,83.47
2016. 10. 06,83.44
2016. 10. 07,83.51
2016. 10. 10,83.42
2016. 10. 11,83.29
2016. 10. 12,83.34
2016. 10. 13,83.44
2016. 10. 14,83.27
2016. 10. 17,83.45
2016. 10. 18,83.56
2016. 10. 19,83.62
2016. 10. 20,83.57
2016. 10. 21,83.64
2016. 10. 24,83.52
2016. 10. 25,83.52
2016. 10. 26,83.37
2016. 10. 27,83.14
2016. 10. 28,83.1
2016. 10. 31,83.19
2016. 11. 01,83
2016. 11. 02,83.08
2016. 11. 03,83.03
2016. 11. 04,83.18
2016. 11. 07,83.07
2016. 11. 08,82.92
2016. 11. 09,82.1
2016. 11. 10,81.75
2016. 11. 11,81.6
2016. 11. 14,81.29
2016. 11. 15,81.4
2016. 11. 16,81.57
2016. 11. 17,81.24
2016. 11. 18,81.04
2016. 11. 21,81.03
2016. 11. 22,81.1
2016. 11. 23,80.89
2016. 11. 25,80.92
2016. 11. 28,81.11
2016. 11. 29,81.17
2016. 11. 30,80.89
2016. 12. 01,80.43
2016. 12. 02,80.72
2016. 12. 05,80.82
2016. 12. 06,80.81
2016. 12. 07,81
2016. 12. 08,80.84
2016. 12. 09,80.6
2016. 12. 12,80.51
2016. 12. 13,80.6
2016. 12. 14,80.19
2016. 12. 15,80.07
2016. 12. 16,80.14
2016. 12. 19,80.35
2016. 12. 20,80.36
2016. 12. 21,80.48
2016. 12. 22,80.22
2016. 12. 23,80.26
2016. 12. 27,80.2
2016. 12. 28,80.4
2016. 12. 29,80.62
2016. 12. 30,80.79
2017. 01. 03,80.8
2017. 01. 04,80.86
2017. 01. 05,81.27
2017. 01. 06,80.95
2017. 01. 09,81.15
2017. 01. 10,81.13
2017. 01. 11,81.17
2017. 01. 12,81.19
2017. 01. 13,81.06
2017. 01. 17,81.31
2017. 01. 18,80.89
2017. 01. 19,80.75
2017. 01. 20,80.81
2017. 01. 23,81.03
2017. 01. 24,80.91
2017. 01. 25,80.67
2017. 01. 26,80.7
2017. 01. 27,80.79
2017. 01. 30,80.77
2017. 01. 31,80.94
2017. 02. 01,80.63
2017. 02. 02,80.68
2017. 02. 03,80.7
2017. 02. 06,80.95
2017. 02. 07,81.08
2017. 02. 08,81.3
2017. 02. 09,81.08
2017. 02. 10,81.06
2017. 02. 13,80.97
2017. 02. 14,80.8
2017. 02. 15,80.67
2017. 02. 16,80.82
2017. 02. 17,81.01
2017. 02. 21,81
2017. 02. 22,81.05
2017. 02. 23,81.2
2017. 02. 24,81.5
2017. 02. 27,81.33
2017. 02. 28,81.27
2017. 03. 01,80.78
2017. 03. 02,80.63
2017. 03. 03,80.69
2017. 03. 06,80.64
2017. 03. 07,80.49
2017. 03. 08,80.3
2017. 03. 09,80.05
2017. 03. 10,80.21
2017. 03. 13,80.05
2017. 03. 14,80.04
2017. 03. 15,80.54
2017. 03. 16,80.42
2017. 03. 17,80.58
2017. 03. 20,80.74
2017. 03. 21,80.93
2017. 03. 22,81.04
2017. 03. 23,81
2017. 03. 24,80.98
2017. 03. 27,81.15
2017. 03. 28,81
2017. 03. 29,81.16
2017. 03. 30,81.03
2017. 03. 31,81.08
2017. 04. 03,81.2
2017. 04. 04,81.11
2017. 04. 05,81.18
2017. 04. 06,81.21
2017. 04. 07,81.03
2017. 04. 10,81.11
2017. 04. 11,81.37
2017. 04. 12,81.56
2017. 04. 13,81.68
2017. 04. 17,81.63
2017. 04. 18,81.92
2017. 04. 19,81.77
2017. 04. 20,81.66
2017. 04. 21,81.68
2017. 04. 24,81.57
2017. 04. 25,81.32
2017. 04. 26,81.4
2017. 04. 27,81.46
2017. 04. 28,81.55
2017. 05. 01,81.23
2017. 05. 02,81.37
2017. 05. 03,81.28
2017. 05. 04,81.19
2017. 05. 05,81.24
2017. 05. 08,81.1
2017. 05. 09,81.06
2017. 05. 10,81.05
2017. 05. 11,81.11
2017. 05. 12,81.35
2017. 05. 15,81.33
2017. 05. 16,81.41
2017. 05. 17,81.85
2017. 05. 18,81.78
2017. 05. 19,81.83
2017. 05. 22,81.76
2017. 05. 23,81.59
2017. 05. 24,81.76
2017. 05. 25,81.76
2017. 05. 26,81.8
2017. 05. 30,81.92
2017. 05. 31,81.96
2017. 06. 01,81.81
2017. 06. 02,82.08
2017. 06. 05,81.95
2017. 06. 06,82.1
2017. 06. 07,81.99
2017. 06. 08,81.93
2017. 06. 09,81.86
2017. 06. 12,81.84
2017. 06. 13,81.86
2017. 06. 14,82.16
2017. 06. 15,82.07
2017. 06. 16,82.16
2017. 06. 19,82.04
2017. 06. 20,82.16
2017. 06. 21,82.2
2017. 06. 22,82.23
2017. 06. 23,82.25
2017. 06. 26,82.34
2017. 06. 27,82.06
2017. 06. 28,82.06
2017. 06. 29,81.89
2017. 06. 30,81.83
2017. 07. 03,81.5
2017. 07. 05,81.55
2017. 07. 06,81.36
2017. 07. 07,81.34
2017. 07. 10,81.38
2017. 07. 11,81.46
2017. 07. 12,81.65
2017. 07. 13,81.62
2017. 07. 14,81.65
2017. 07. 17,81.76
2017. 07. 18,81.95
2017. 07. 19,81.96
2017. 07. 20,82.01
2017. 07. 21,82.1
2017. 07. 24,82.06
2017. 07. 25,81.75
2017. 07. 26,81.95
2017. 07. 27,81.85
2017. 07. 28,82
2017. 07. 31,81.99
2017. 08. 01,81.98
2017. 08. 02,81.93
2017. 08. 03,82.1
2017. 08. 04,81.97
2017. 08. 07,82
2017. 08. 08,81.89
2017. 08. 09,81.95
2017. 08. 10,82.07
2017. 08. 11,82.14
2017. 08. 14,82.08
2017. 08. 15,81.94
2017. 08. 16,82.06
2017. 08. 17,82.21
2017. 08. 18,82.17
2017. 08. 21,82.21
2017. 08. 22,82.11
2017. 08. 23,82.35
2017. 08. 24,82.23
2017. 08. 25,82.33
2017. 08. 28,82.37
2017. 08. 29,82.46
2017. 08. 30,82.45
2017. 08. 31,82.52
2017. 09. 01,82.21
2017. 09. 05,82.55
2017. 09. 06,82.41
2017. 09. 07,82.67
2017. 09. 08,82.58
2017. 09. 11,82.33
2017. 09. 12,82.21
2017. 09. 13,82.11
2017. 09. 14,82.16
2017. 09. 15,82.17
2017. 09. 18,82.11
2017. 09. 19,82.05
2017. 09. 20,81.98
2017. 09. 21,81.96
2017. 09. 22,82.04
2017. 09. 25,82.22
2017. 09. 26,82.18
2017. 09. 27,81.93
2017. 09. 28,81.95
2017. 09. 29,81.96
2017. 10. 02,81.76
2017. 10. 03,81.8
2017. 10. 04,81.8
2017. 10. 05,81.74
2017. 10. 06,81.65
2017. 10. 09,81.73
2017. 10. 10,81.77
2017. 10. 11,81.81
2017. 10. 12,81.88
2017. 10. 13,82.05
2017. 10. 16,81.97
2017. 10. 17,81.98
2017. 10. 18,81.85
2017. 10. 19,81.89
2017. 10. 20,81.69
2017. 10. 23,81.76
2017. 10. 24,81.62
2017. 10. 25,81.55
2017. 10. 26,81.45
2017. 10. 27,81.63
2017. 10. 30,81.82
2017. 10. 31,81.77
2017. 11. 01,81.65
2017. 11. 02,81.73
2017. 11. 03,81.8
2017. 11. 06,81.86
2017. 11. 07,81.89
2017. 11. 08,81.83
2017. 11. 09,81.75
2017. 11. 10,81.42
2017. 11. 13,81.43
2017. 11. 14,81.53
2017. 11. 15,81.72
2017. 11. 16,81.61
2017. 11. 17,81.69
2017. 11. 20,81.64
2017. 11. 21,81.71
2017. 11. 22,81.88
2017. 11. 24,81.86
2017. 11. 27,81.83
2017. 11. 28,81.83
2017. 11. 29,81.63
2017. 11. 30,81.51
2017. 12. 01,81.56
2017. 12. 04,81.57
2017. 12. 05,81.67
2017. 12. 06,81.76
2017. 12. 07,81.65
2017. 12. 08,81.62
2017. 12. 11,81.56
2017. 12. 12,81.55
2017. 12. 13,81.78
2017. 12. 14,81.81
2017. 12. 15,81.82
2017. 12. 18,81.69
2017. 12. 19,81.44
2017. 12. 20,81.28
2017. 12. 21,81.33
2017. 12. 22,81.37
2017. 12. 26,81.24
2017. 12. 27,81.49
2017. 12. 28,81.44
2017. 12. 29,81.57
2018. 01. 02,81.34
2018. 01. 03,81.41
2018. 01. 04,81.37
2018. 01. 05,81.26
2018. 01. 08,81.27
2018. 01. 09,81.03
2018. 01. 10,81.04
2018. 01. 11,81.04
2018. 01. 12,81.03
2018. 01. 16,81.09
2018. 01. 17,81
2018. 01. 18,80.84
2018. 01. 19,80.67
2018. 01. 22,80.61
2018. 01. 23,80.82
2018. 01. 24,80.73
2018. 01. 25,80.95
2018. 01. 26,80.8
2018. 01. 29,80.69
2018. 01. 30,80.54
2018. 01. 31,80.56
2018. 02. 01,80.16
2018. 02. 02,79.92
2018. 02. 05,80.27
2018. 02. 06,80.01
2018. 02. 07,79.83
2018. 02. 08,79.77
2018. 02. 09,79.57
2018. 02. 12,79.59
2018. 02. 13,79.66
2018. 02. 14,79.4
2018. 02. 15,79.48
2018. 02. 16,79.65
2018. 02. 20,79.57
2018. 02. 21,79.27
2018. 02. 22,79.37
2018. 02. 23,79.58
2018. 02. 26,79.62
2018. 02. 27,79.45
2018. 02. 28,79.55
2018. 03. 01,79.52
2018. 03. 02,79.37
2018. 03. 05,79.32
2018. 03. 06,79.35
2018. 03. 07,79.33
2018. 03. 08,79.42
2018. 03. 09,79.32
2018. 03. 12,79.4
2018. 03. 13,79.42
2018. 03. 14,79.59
2018. 03. 15,79.6
2018. 03. 16,79.53
2018. 03. 19,79.47
2018. 03. 20,79.37
2018. 03. 21,79.37
2018. 03. 22,79.5
2018. 03. 23,79.52
2018. 03. 26,79.47
2018. 03. 27,79.74
2018. 03. 28,79.73
2018. 03. 29,79.93
2018. 04. 02,79.72
2018. 04. 03,79.63
2018. 04. 04,79.63
2018. 04. 05,79.52
2018. 04. 06,79.72
2018. 04. 09,79.8
2018. 04. 10,79.66
2018. 04. 11,79.72
2018. 04. 12,79.57
2018. 04. 13,79.63
2018. 04. 16,79.64
2018. 04. 17,79.67
2018. 04. 18,79.41
2018. 04. 19,79.22
2018. 04. 20,79.02
2018. 04. 23,78.98
2018. 04. 24,78.84
2018. 04. 25,78.73
2018. 04. 26,78.89
2018. 04. 27,79.01
2018. 04. 30,79.05
2018. 05. 01,78.75
2018. 05. 02,78.76
2018. 05. 03,78.83
2018. 05. 04,78.88
2018. 05. 07,78.84
2018. 05. 08,78.78
2018. 05. 09,78.69
2018. 05. 10,78.85
2018. 05. 11,78.93
2018. 05. 14,78.83
2018. 05. 15,78.46
2018. 05. 16,78.4
2018. 05. 17,78.33
2018. 05. 18,78.54
2018. 05. 21,78.54
2018. 05. 22,78.56
2018. 05. 23,78.8
2018. 05. 24,78.96
2018. 05. 25,79.13
2018. 05. 29,79.68
2018. 05. 30,79.44
2018. 05. 31,79.41
2018. 06. 01,79.09
2018. 06. 04,78.92
2018. 06. 05,78.99
2018. 06. 06,78.77
2018. 06. 07,78.97
2018. 06. 08,78.87
2018. 06. 11,78.8
2018. 06. 12,78.79
2018. 06. 13,78.74
2018. 06. 14,78.91
2018. 06. 15,78.92
2018. 06. 18,78.92
2018. 06. 19,79.05
2018. 06. 20,78.87
2018. 06. 21,78.91
2018. 06. 22,78.96
2018. 06. 25,78.95
2018. 06. 26,79.08
2018. 06. 27,79.27
2018. 06. 28,79.21
2018. 06. 29,79.19
2018. 07. 02,78.96
2018. 07. 03,79.12
2018. 07. 05,79.23
2018. 07. 06,79.32
2018. 07. 09,79.25
2018. 07. 10,79.2
2018. 07. 11,79.24
2018. 07. 12,79.3
2018. 07. 13,79.37
2018. 07. 16,79.26
2018. 07. 17,79.23
2018. 07. 18,79.19
2018. 07. 19,79.34
2018. 07. 20,79.16
2018. 07. 23,78.91
2018. 07. 24,79.03
2018. 07. 25,79.03
2018. 07. 26,79.03
2018. 07. 27,79.01
2018. 07. 30,78.92
2018. 07. 31,78.98
2018. 08. 01,78.75
2018. 08. 02,78.79
2018. 08. 03,78.96
2018. 08. 06,79.03
2018. 08. 07,78.89
2018. 08. 08,78.87
2018. 08. 09,79.02
2018. 08. 10,79.18
2018. 08. 13,79.19
2018. 08. 14,79.14
2018. 08. 15,79.23
2018. 08. 16,79.27
2018. 08. 17,79.36
2018. 08. 20,79.46
2018. 08. 21,79.42
2018. 08. 22,79.47
2018. 08. 23,79.47
2018. 08. 24,79.51
2018. 08. 27,79.41
2018. 08. 28,79.29
2018. 08. 29,79.24
2018. 08. 30,79.3
2018. 08. 31,79.32
2018. 09. 04,79.01
2018. 09. 05,79.03
2018. 09. 06,79.15
2018. 09. 07,78.9
2018. 09. 10,78.95
2018. 09. 11,78.78
2018. 09. 12,78.84
2018. 09. 13,78.89
2018. 09. 14,78.76
2018. 09. 17,78.75
2018. 09. 18,78.57
2018. 09. 19,78.45
2018. 09. 20,78.55
2018. 09. 21,78.6
2018. 09. 24,78.5
2018. 09. 25,78.44
2018. 09. 26,78.64
2018. 09. 27,78.7
2018. 09. 28,78.7
2018. 10. 01,78.37
2018. 10. 02,78.51
2018. 10. 03,78.11
2018. 10. 04,77.91
2018. 10. 05,77.77
2018. 10. 08,77.74
2018. 10. 09,77.89
2018. 10. 10,77.83
2018. 10. 11,78.05
2018. 10. 12,78.03
2018. 10. 15,78.01
2018. 10. 16,78.07
2018. 10. 17,77.93
2018. 10. 18,77.88
2018. 10. 19,77.84
2018. 10. 22,77.81
2018. 10. 23,77.92
2018. 10. 24,78.13
2018. 10. 25,78.04
2018. 10. 26,78.18
2018. 10. 29,78.11
2018. 10. 30,78
2018. 10. 31,77.84
2018. 11. 01,77.79
2018. 11. 02,77.5
2018. 11. 05,77.56
2018. 11. 06,77.55
2018. 11. 07,77.62
2018. 11. 08,77.49
2018. 11. 09,77.68
2018. 11. 12,77.8
2018. 11. 13,77.76
2018. 11. 14,77.82
2018. 11. 15,77.83
2018. 11. 16,78
2018. 11. 19,78
2018. 11. 20,77.95
2018. 11. 21,78.03
2018. 11. 23,78.02
2018. 11. 26,77.96
2018. 11. 27,78.01
2018. 11. 28,78.05
2018. 11. 29,78.11
2018. 11. 30,78.14
2018. 12. 03,78.07
2018. 12. 04,78.26
2018. 12. 06,78.4
2018. 12. 07,78.56
2018. 12. 10,78.64
2018. 12. 11,78.65
2018. 12. 12,78.57
2018. 12. 13,78.63
2018. 12. 14,78.7
2018. 12. 17,78.85
2018. 12. 18,78.97
2018. 12. 19,79.11
2018. 12. 20,79
2018. 12. 21,79
2018. 12. 24,78.82
2018. 12. 26,78.65
2018. 12. 27,78.82
2018. 12. 28,79.01
2018. 12. 31,79.21
2019. 01. 02,79.37
2019. 01. 03,79.68
2019. 01. 04,79.44
2019. 01. 07,79.32
2019. 01. 08,79.22
2019. 01. 09,79.33
2019. 01. 10,79.17
2019. 01. 11,79.33
2019. 01. 14,79.26
2019. 01. 15,79.27
2019. 01. 16,79.3
2019. 01. 17,79.21
2019. 01. 18,79.15
2019. 01. 22,79.29
2019. 01. 23,79.37
2019. 01. 24,79.54
2019. 01. 25,79.45
2019. 01. 28,79.48
2019. 01. 29,79.64
2019. 01. 30,79.72
2019. 01. 31,80.09
2019. 02. 01,79.67
2019. 02. 04,79.6
2019. 02. 05,79.77
2019. 02. 06,79.74
2019. 02. 07,79.8
2019. 02. 08,79.92
2019. 02. 11,79.89
2019. 02. 12,79.88
2019. 02. 13,79.76
2019. 02. 14,79.9
2019. 02. 15,79.93
2019. 02. 19,80
2019. 02. 20,79.97
2019. 02. 21,79.81
2019. 02. 22,79.99
2019. 02. 25,79.96
2019. 02. 26,80.07
2019. 02. 27,79.91
2019. 02. 28,79.82
2019. 03. 01,79.39
2019. 03. 04,79.53
2019. 03. 05,79.59
2019. 03. 06,79.69
2019. 03. 07,79.92
2019. 03. 08,80.02
2019. 03. 11,79.98
2019. 03. 12,80.17
2019. 03. 13,80.13
2019. 03. 14,80.06
2019. 03. 15,80.21
2019. 03. 18,80.16
2019. 03. 19,80.12
2019. 03. 20,80.47
2019. 03. 21,80.49
2019. 03. 22,80.93
2019. 03. 25,81.03
2019. 03. 26,81.05
2019. 03. 27,81.2
2019. 03. 28,81.24
2019. 03. 29,81.18
2019. 04. 01,80.66
2019. 04. 02,80.7
2019. 04. 03,80.59
2019. 04. 04,80.67
2019. 04. 05,80.73
2019. 04. 08,80.65
2019. 04. 09,80.77
2019. 04. 10,80.88
2019. 04. 11,80.74
2019. 04. 12,80.59
2019. 04. 15,80.61
2019. 04. 16,80.47
2019. 04. 17,80.47
2019. 04. 18,80.58
2019. 04. 22,80.5
2019. 04. 23,80.64
2019. 04. 24,80.85
2019. 04. 25,80.83
2019. 04. 26,81.01
2019. 04. 29,80.84
2019. 04. 30,80.96
2019. 05. 01,80.77
2019. 05. 02,80.59
2019. 05. 03,80.74
2019. 05. 06,80.84
2019. 05. 07,80.96
2019. 05. 08,80.9
2019. 05. 09,80.98
2019. 05. 10,80.97
2019. 05. 13,81.14
2019. 05. 14,81.19
2019. 05. 15,81.31
2019. 05. 16,81.19
2019. 05. 17,81.21
2019. 05. 20,81.11
2019. 05. 21,81.07
2019. 05. 22,81.22
2019. 05. 23,81.51
2019. 05. 24,81.51
2019. 05. 28,81.68
2019. 05. 29,81.66
2019. 05. 30,81.88
2019. 05. 31,82.24
2019. 06. 03,82.28
2019. 06. 04,82.14
2019. 06. 05,82.14
2019. 06. 06,82.12
2019. 06. 07,82.34
2019. 06. 10,82.17
2019. 06. 11,82.11
2019. 06. 12,82.25
2019. 06. 13,82.39
2019. 06. 14,82.4
2019. 06. 17,82.4
2019. 06. 18,82.59
2019. 06. 19,82.87
2019. 06. 20,83
2019. 06. 21,82.77
2019. 06. 24,82.92
2019. 06. 25,82.95
2019. 06. 26,82.76
2019. 06. 27,83
2019. 06. 28,83.07
2019. 07. 01,82.87
2019. 07. 02,83.03
2019. 07. 03,83.18
2019. 07. 05,82.79
2019. 07. 08,82.78
2019. 07. 09,82.67
2019. 07. 10,82.74
2019. 07. 11,82.47
2019. 07. 12,82.54
2019. 07. 15,82.66
2019. 07. 16,82.55
2019. 07. 17,82.8
2019. 07. 18,82.95
2019. 07. 19,82.86
2019. 07. 22,82.95
2019. 07. 23,82.88
2019. 07. 24,82.96
2019. 07. 25,82.87
2019. 07. 26,82.87
2019. 07. 29,82.92
2019. 07. 30,82.9
2019. 07. 31,83
2019. 08. 01,83.4
2019. 08. 02,83.48
2019. 08. 05,83.84
2019. 08. 06,84.05
2019. 08. 07,84.05
2019. 08. 08,84.12
2019. 08. 09,83.97
2019. 08. 12,84.34
2019. 08. 13,84.21
2019. 08. 14,84.51
2019. 08. 15,84.92
2019. 08. 16,84.83
2019. 08. 19,84.56
2019. 08. 20,84.78
2019. 08. 21,84.74
2019. 08. 22,84.58
2019. 08. 23,84.89
2019. 08. 26,84.84
2019. 08. 27,85.13
2019. 08. 28,85.16
2019. 08. 29,85.11
2019. 08. 30,85.1
2019. 09. 03,84.99
2019. 09. 04,85.15
2019. 09. 05,84.71
2019. 09. 06,84.81
2019. 09. 09,84.42
2019. 09. 10,83.99
2019. 09. 11,83.94
2019. 09. 12,83.78
2019. 09. 13,83.3
2019. 09. 16,83.52
2019. 09. 17,83.71
2019. 09. 18,83.77
2019. 09. 19,83.89
2019. 09. 20,84.19
2019. 09. 23,84.25
2019. 09. 24,84.54
2019. 09. 25,84.14
2019. 09. 26,84.28
2019. 09. 27,84.37
2019. 09. 30,84.43
2019. 10. 01,84.33
2019. 10. 02,84.52
2019. 10. 03,84.8
2019. 10. 04,84.94
2019. 10. 07,84.72
2019. 10. 08,84.76
2019. 10. 09,84.66
2019. 10. 10,84.4
2019. 10. 11,84.09
2019. 10. 14,84.23
2019. 10. 15,84.01
2019. 10. 16,84.1
2019. 10. 17,84.1
2019. 10. 18,84.14
2019. 10. 21,83.94
2019. 10. 22,84.09
2019. 10. 23,84.13
2019. 10. 24,84.14
2019. 10. 25,84
2019. 10. 28,83.82
2019. 10. 29,83.84
2019. 10. 30,84.11
2019. 10. 31,84.51
2019. 11. 01,84.25
2019. 11. 04,84.01
2019. 11. 05,83.72
2019. 11. 06,83.9
2019. 11. 07,83.47
2019. 11. 08,83.39
2019. 11. 11,83.44
2019. 11. 12,83.49
2019. 11. 13,83.64
2019. 11. 14,83.88
2019. 11. 15,83.85
2019. 11. 18,83.97
2019. 11. 19,84.06
2019. 11. 20,84.29
2019. 11. 21,84.15
2019. 11. 22,84.2
2019. 11. 25,84.28
2019. 11. 26,84.42
2019. 11. 27,84.29
2019. 11. 29,84.29
2019. 12. 02,83.89
2019. 12. 03,84.34
2019. 12. 04,84.17
2019. 12. 05,84.08
2019. 12. 06,83.97
2019. 12. 09,83.99
2019. 12. 10,83.93
2019. 12. 11,84.21
2019. 12. 12,83.81
2019. 12. 13,84.19
2019. 12. 16,83.96
2019. 12. 17,83.97
2019. 12. 18,83.86
2019. 12. 19,83.92
2019. 12. 20,83.94
2019. 12. 23,83.7
2019. 12. 24,83.78
2019. 12. 26,83.86
2019. 12. 27,83.98
2019. 12. 30,83.95
2019. 12. 31,83.86
2020. 01. 02,83.97
2020. 01. 03,84.27
2020. 01. 06,84.17
2020. 01. 07,84.1
2020. 01. 08,83.97
2020. 01. 09,84.07
2020. 01. 10,84.21
2020. 01. 13,84.16
2020. 01. 14,84.28
2020. 01. 15,84.41
2020. 01. 16,84.36
2020. 01. 17,84.35
2020. 01. 21,84.56
2020. 01. 22,84.63
2020. 01. 23,84.78
2020. 01. 24,84.91
2020. 01. 27,85.19
2020. 01. 28,85.04
2020. 01. 29,85.28
2020. 01. 30,85.3
2020. 01. 31,85.52
2020. 02. 03,85.26
2020. 02. 04,85
2020. 02. 05,84.86
2020. 02. 06,84.94
2020. 02. 07,85.2
2020. 02. 10,85.33
2020. 02. 11,85.19
2020. 02. 12,85.09
2020. 02. 13,85.17
2020. 02. 14,85.26
2020. 02. 18,85.39
2020. 02. 19,85.38
2020. 02. 20,85.59
2020. 02. 21,85.8
2020. 02. 24,86.07
2020. 02. 25,86.14
2020. 02. 26,86.09
2020. 02. 27,86.19
2020. 02. 28,86.76
2020. 03. 02,86.53
2020. 03. 03,87.05
2020. 03. 04,87.03
2020. 03. 05,87.36
2020. 03. 06,87.96
2020. 03. 09,87.77
2020. 03. 10,86.59
2020. 03. 11,84.95
2020. 03. 12,80.33
2020. 03. 13,83.72
2020. 03. 16,84.6
2020. 03. 17,82.85
2020. 03. 18,80.85
2020. 03. 19,80.8
2020. 03. 20,82.17
2020. 03. 23,83.99
2020. 03. 24,84.08
2020. 03. 25,85.21
2020. 03. 26,85.6
2020. 03. 27,86.06
2020. 03. 30,86.15
2020. 03. 31,85.35
2020. 04. 01,85.6
2020. 04. 02,86
2020. 04. 03,85.96
2020. 04. 06,86.23
2020. 04. 07,86.31
2020. 04. 08,86.53
2020. 04. 09,87.48
2020. 04. 13,87.2
2020. 04. 14,87.2
2020. 04. 15,87.63
2020. 04. 16,87.68
2020. 04. 17,87.56
2020. 04. 20,87.42
2020. 04. 21,87.53
2020. 04. 22,87.46
2020. 04. 23,87.6
2020. 04. 24,87.57
2020. 04. 27,87.26
2020. 04. 28,87.52
2020. 04. 29,87.58
2020. 04. 30,87.51
2020. 05. 01,87.3
2020. 05. 04,87.39
2020. 05. 05,87.31
2020. 05. 06,86.92
2020. 05. 07,87.2
2020. 05. 08,86.95
2020. 05. 11,86.68
2020. 05. 12,86.96
2020. 05. 13,87.06
2020. 05. 14,87.3
2020. 05. 15,87.35
2020. 05. 18,87.19
2020. 05. 19,87.3
2020. 05. 20,87.53
2020. 05. 21,87.62
2020. 05. 22,87.65
2020. 05. 26,87.6
2020. 05. 27,87.64
2020. 05. 28,87.67
2020. 05. 29,87.92
2020. 06. 01,87.68
2020. 06. 02,87.75
2020. 06. 03,87.55
2020. 06. 04,87.34
2020. 06. 05,87.33
2020. 06. 08,87.42
2020. 06. 09,87.48
2020. 06. 10,87.85
2020. 06. 11,87.69
2020. 06. 12,87.78
2020. 06. 15,87.96
2020. 06. 16,87.85
2020. 06. 17,87.87
2020. 06. 18,87.97
2020. 06. 19,88
2020. 06. 22,87.97
2020. 06. 23,87.93
2020. 06. 24,87.94
2020. 06. 25,88.03
2020. 06. 26,88.19
2020. 06. 29,88.25
2020. 06. 30,88.34
2020. 07. 01,88.2
2020. 07. 02,88.34
2020. 07. 06,88.31
2020. 07. 07,88.45
2020. 07. 08,88.4
2020. 07. 09,88.64
2020. 07. 10,88.54
2020. 07. 13,88.58
2020. 07. 14,88.69
2020. 07. 15,88.7
2020. 07. 16,88.76
2020. 07. 17,88.85
2020. 07. 20,88.94
2020. 07. 21,88.99
2020. 07. 22,89.11
2020. 07. 23,89.19
2020. 07. 24,89.17
2020. 07. 27,89.11
2020. 07. 28,89.15
2020. 07. 29,89.29
2020. 07. 30,89.34
2020. 07. 31,89.46
2020. 08. 03,89.27
2020. 08. 04,89.46
2020. 08. 05,89.34
2020. 08. 06,89.48